date,source,kind,duration_s,model,threads,wall_s,ratio,loadavg,parallel_asr,tool,note
2026-09-15,sergastokh/record (14).ogg,audio,411,large-v3-turbo-q5_0,8,964,2.35,,,Developer/whisper-models/run_all.sh,"батч голосовых self-map, соседняя вахта; конкуренция за CPU не фиксировалась"
2026-09-15,sergastokh/record (7).ogg,audio,744,large-v3-turbo-q5_0,8,948,1.27,,,Developer/whisper-models/run_all.sh,"батч голосовых self-map, соседняя вахта; конкуренция за CPU не фиксировалась"
2026-09-15,sergastokh/record (18).ogg,audio,194,large-v3-turbo-q5_0,8,279,1.44,,,Developer/whisper-models/run_all.sh,"батч голосовых self-map, соседняя вахта; конкуренция за CPU не фиксировалась"
2026-09-15,sergastokh/record (22).ogg,audio,842,large-v3-turbo-q5_0,8,1064,1.26,,,Developer/whisper-models/run_all.sh,"батч голосовых self-map, соседняя вахта; конкуренция за CPU не фиксировалась"
2026-09-15,sergastokh/record (23).ogg,audio,658,large-v3-turbo-q5_0,8,507,0.77,,,Developer/whisper-models/run_all.sh,"батч голосовых self-map, соседняя вахта; конкуренция за CPU не фиксировалась"
2026-09-15,sergastokh/record (19).ogg,audio,416,large-v3-turbo-q5_0,8,319,0.77,,,Developer/whisper-models/run_all.sh,"батч голосовых self-map, соседняя вахта; конкуренция за CPU не фиксировалась"
2026-09-15,sergastokh/record (6).ogg,audio,157,large-v3-turbo-q5_0,8,101,0.64,,,Developer/whisper-models/run_all.sh,"батч голосовых self-map, соседняя вахта; конкуренция за CPU не фиксировалась"
2026-09-15,sergastokh/record (15).ogg,audio,715,large-v3-turbo-q5_0,8,465,0.65,,,Developer/whisper-models/run_all.sh,"батч голосовых self-map, соседняя вахта; конкуренция за CPU не фиксировалась"
2026-09-15,sergastokh/record (24).ogg,audio,814,large-v3-turbo-q5_0,8,543,0.67,,,Developer/whisper-models/run_all.sh,"батч голосовых self-map, соседняя вахта; конкуренция за CPU не фиксировалась"
2026-09-15,sergastokh/record (12).ogg,audio,549,large-v3-turbo-q5_0,8,383,0.70,,,Developer/whisper-models/run_all.sh,"батч голосовых self-map, соседняя вахта; конкуренция за CPU не фиксировалась"
2026-09-15,sergastokh/record (1).ogg,audio,579,large-v3-turbo-q5_0,8,391,0.68,,,Developer/whisper-models/run_all.sh,"батч голосовых self-map, соседняя вахта; конкуренция за CPU не фиксировалась"
2026-09-15,sergastokh/Новая запись 10 (копия) 2.m4a,audio,193,large-v3-turbo-q5_0,8,165,0.85,,,Developer/whisper-models/run_all.sh,"батч голосовых self-map, соседняя вахта; конкуренция за CPU не фиксировалась"
2026-09-15,sergastokh/record.ogg,audio,210,large-v3-turbo-q5_0,8,155,0.74,,,Developer/whisper-models/run_all.sh,"батч голосовых self-map, соседняя вахта; конкуренция за CPU не фиксировалась"
2026-09-15,sergastokh/record (13).ogg,audio,694,large-v3-turbo-q5_0,8,525,0.76,,,Developer/whisper-models/run_all.sh,"батч голосовых self-map, соседняя вахта; конкуренция за CPU не фиксировалась"
2026-09-15,sergastokh/record (25).ogg,audio,553,large-v3-turbo-q5_0,8,448,0.81,,,Developer/whisper-models/run_all.sh,"батч голосовых self-map, соседняя вахта; конкуренция за CPU не фиксировалась"
2026-09-15,sergastokh/record (26).ogg,audio,752,large-v3-turbo-q5_0,8,1104,1.47,,,Developer/whisper-models/run_all.sh,"батч голосовых self-map, соседняя вахта; конкуренция за CPU не фиксировалась"
2026-09-15,sergastokh/02.mp3,audio,382,large-v3-turbo-q5_0,8,1251,3.27,,,Developer/whisper-models/run_all.sh,"батч голосовых self-map, соседняя вахта; конкуренция за CPU не фиксировалась"
2026-09-15,sergastokh/01.mp3,audio,336,large-v3-turbo-q5_0,8,585,1.74,,,Developer/whisper-models/run_all.sh,"батч голосовых self-map, соседняя вахта; конкуренция за CPU не фиксировалась"
2026-09-15,sergastokh/record (3).ogg,audio,33,large-v3-turbo-q5_0,8,52,1.57,,,Developer/whisper-models/run_all.sh,"батч голосовых self-map, соседняя вахта; конкуренция за CPU не фиксировалась"
2026-09-15,sergastokh/record (10).ogg,audio,365,large-v3-turbo-q5_0,8,561,1.54,,,Developer/whisper-models/run_all.sh,"батч голосовых self-map, соседняя вахта; конкуренция за CPU не фиксировалась"
2026-09-15,breathing-exercises-part-1.mp4,video,677,base,4,760,1.12,63.8,2,tools/video_to_note.py,первый видеопрогон; машина свободна; речь 2-й половины галлюцинировала
2026-09-15,Мастер-класс от Александра про общение с военкоматом.mp4,video,3375,large-v3-turbo-q5_0,4,25734,7.62,6.1,0,tools/video_to_note.py,"мастер-класс legal; loadavg 90-134 весь прогон, параллельно батч self-map -t 8 и iCloud; замер не показателен для свободной машины"
2026-09-15,ч2.mp4,video,282,large-v3-turbo-q5_0,4,1039,3.68,6.2,0,tools/video_to_note.py,сегментов 79
