dataset,files,bytes,pages_opt,exts
5,122,64588323,120,.pdf:120;.dat:1;.opt:1
6,15,55600510,487,.pdf:13;.dat:1;.opt:1
7,19,103060624,660,.pdf:17;.dat:1;.opt:1
12,154,125711730,1525,.pdf:152;.dat:1;.opt:1
1,3138,1318455466,3158,.pdf:3136;.dat:1;.opt:1
2,577,662345407,699,.pdf:574;.dat:1;.opt:1;.avi:1
3,69,627588396,1847,.pdf:67;.dat:1;.opt:1
4,154,375839528,2704,.pdf:152;.dat:1;.opt:1
8,11033,11464897755,29349,.pdf:10593;.mp4:419;.xlsx:9;.csv:4;.m4a:3;.xls:2;.dat:1;.opt:1;.mp3:1
12,154,125711730,1525,.pdf:152;.dat:1;.opt:1
11,331661,28779629673,517382,.pdf:331655;.m4v:4;.dat:1;.opt:1
10,504030,87136397092,950101,.pdf:503154;.mp4:649;.mov:154;.m4v:25;.m4a:17;.opus:16;.amr:5;.wav:5;.dat:1;.opt:1;.3gp:1;.pluginpayloadattachment:1;.mp3:1
9,531345,113210425662,1223757,.pdf:531034;.mp4:228;.m4a:61;.vob:10;.wav:9;.ts:1;.dat:1;.opt:1
