дата	модель	ступень	балл	секунд	действий	заметка
2026-10-01	modelscope.cn/OpenBMB/MiniCPM5-2B-GGUF:Q4_K_M	одно-действие	0	21.6	0	действия нет: В файле reports/pitfalls.md нет карточек PIT.
2026-10-01	modelscope.cn/OpenBMB/MiniCPM5-2B-GGUF:Q4_K_M	выбор-из-двух	1	11.7	1	python scripts/revision_check.py
2026-10-01	modelscope.cn/OpenBMB/MiniCPM5-2B-GGUF:Q4_K_M	второй-ход	0	20.7	0	действия нет: Гейт выявил 1 проблему: ROADMAP отстал от журнала. Это означает, что файл `00-in
2026-10-01	phi4-mini:latest	одно-действие	1	36.9	1	grep -o 'PIT' reports/pitfalls.md | wc -l
2026-10-01	phi4-mini:latest	выбор-из-двух	1	8.8	1	bash scripts/revision_check.py | grep 'green'
2026-10-01	phi4-mini:latest	второй-ход	0	16.4	1	git log --pretty=format:"%h %an, %ar : %s" 1 HEAD
2026-10-01	hf.co/unsloth/granite-4.0-h-tiny-GGUF:Q4_K_M	одно-действие	1	66.1	1	grep -c '^---' reports/pitfalls.md
2026-10-01	hf.co/unsloth/granite-4.0-h-tiny-GGUF:Q4_K_M	выбор-из-двух	1	20.5	1	python scripts/revision_check.py
2026-10-01	hf.co/unsloth/granite-4.0-h-tiny-GGUF:Q4_K_M	второй-ход	0	42.6	0	действия нет: Гейт проверил репозиторий и выявил следующие проблемы: 1. Роадмап отстал от журн
2026-10-01	base-local:latest	одно-действие	1	53.5	1	grep -c "^- \[" reports/pitfalls.md
2026-10-01	base-local:latest	выбор-из-двух	1	14.3	1	cat scripts/revision_check.py
2026-10-01	base-local:latest	второй-ход	0	75.6	1	git add 00-infrastructure/45-roadmap-and-tasks.md && git commit -m "Update roadmap to match current release" && python3 
2026-10-01	base-local:latest	одно-действие	1	18.9	1	grep -c "^- \[" reports/pitfalls.md
2026-10-01	base-local:latest	выбор-из-двух	0	8.8	1	cat scripts/revision_check.py
2026-10-01	base-local:latest	второй-ход	0	37.1	1	git add 00-infrastructure/45-roadmap-and-tasks.md && git commit -m "Update roadmap to match current release" && python3 
2026-10-01	gemma4:e2b	одно-действие	1	56.5	1	grep -c "PIT" reports/pitfalls.md
2026-10-01	gemma4:e2b	выбор-из-двух	0	23.8	1	ls -l scripts/revision_check.py
2026-10-01	gemma4:e2b	второй-ход	0	11.7	1	cat scripts/revision_check.py
