дата	модель	ступень	балл	секунд	вызовов	заметка
2026-09-30	gemma4:e2b	один-вызов	1	578.3	1	прочитать_файл(reports/pitfalls.md)
2026-09-30	gemma4:e2b	выбор-из-двух	1	316.5	1	запустить_проверку(revision_check.py)
2026-09-30	gemma4:e2b	второй-ход	0	700.7	0	TimeoutError: timed out
2026-09-30	phi4-mini	один-вызов	0	629.5	0	вызова нет: Чтобы ответить на этот вопрос, мне нужно прочитать содержимое файла `reports/pit
2026-09-30	phi4-mini	выбор-из-двух	0	92.8	0	вызова нет: Чтобы выполнить вашу просьбу, я должен использовать инструменты, чтобы запустить
2026-09-30	phi4-mini	второй-ход	0	156.1	0	вызова нет: Получено сообщение о проверке гейт ревизии. Результаты показывают, что все битые
2026-09-30	base-local	один-вызов	1	122.8	1	прочитать_файл(reports/pitfalls.md)
2026-09-30	base-local	выбор-из-двух	1	73.2	1	запустить_проверку(revision_check.py)
2026-09-30	base-local	второй-ход	0	125.0	0	вызова нет: Проверка гейта ревизии выявила одну проблему. Роадмап отстал от журнала по одной
2026-10-01	modelscope.cn/OpenBMB/MiniCPM5-2B-GGUF:Q4_K_M	один-вызов	0	26.7	1	запустить_проверку(check_pitfalls.py)
2026-10-01	modelscope.cn/OpenBMB/MiniCPM5-2B-GGUF:Q4_K_M	выбор-из-двух	1	9.9	1	запустить_проверку(revision_check.py)
2026-10-01	modelscope.cn/OpenBMB/MiniCPM5-2B-GGUF:Q4_K_M	второй-ход	0	46.4	0	вызова нет: Гейт ревизии показал, что есть **1 дрейф** (разница между ревью и текущим состоя
2026-10-01	hf.co/unsloth/granite-4.0-h-tiny-GGUF:Q4_K_M	один-вызов	0	99.7	1	прочитать_файл(reports/pitfalls.md)
2026-10-01	hf.co/unsloth/granite-4.0-h-tiny-GGUF:Q4_K_M	выбор-из-двух	1	51.3	1	запустить_проверку(revision_check)
2026-10-01	hf.co/unsloth/granite-4.0-h-tiny-GGUF:Q4_K_M	второй-ход	0	116.0	0	вызова нет: **Результат проверки гейта ревизии** | Категория | Статус | Комментарий | |-----
