# дата	версия	файлов	байт	sha256
2026-08-27	1.0.0	515	4004007	a9a1234595028bd46c9de4d525ab942f3325817fca1ec685a80aae7e4005b2ef
2026-08-28	1.0.1	527	4069643	015bd7cfbaf0fb0d2f487b8f6553dfefc7e76ffef33df493f719361eeedd9ecb
2026-08-28	1.1.0	550	4212803	40f5fddf2172fdfa2b86fa720f17f7a483e52b012e2024b53db7b3079f72cab1
2026-08-28	1.2.0	550	4215782	e746d187f85d9e03a2954f1bbbb962e757a79e6f3d83a82328621f2b0f5f974c
2026-08-28	1.3.0	551	4220092	8f7fc7113bc97506558a5c6822e2fa5b6c2a5b8c75cdbc4c23eaa2627409a1e4
2026-08-29	1.3.1	577	4510264	2b61d3e692899229b25b25bd5e1f7723257d72f0fa615546eca03695c06c192c
2026-08-29	1.3.2	613	4804030	4afe13e24bd940591661a518e633c1bb28b7ff816702ada95d54137b0ccd1093
2026-08-29	1.3.3	613	4807441	039bce0644c1fd805db0018dc419ce8ac8b435775bf01575a4354dd0f0faf470
2026-09-26	1.4.0	15760	35270090	e54ead209a2a240e396b8fb5e5998fc0446b71c3513d072fcaeb901bd6ea5ea0
2026-09-30	1.5.0	15762	35237826	e89a22b03b90a4635c41747f89e2ef07c9652b4a5b341edc9bd7762f90526bd9
2026-09-30	1.6.0	15775	35316828	5036621f79fe8fa088c4eeb9bbc2fb76e6df70c3bee693cea574bcbdda1a4b9d
