кадр	время	load1	своб_МБ	своп_МБ	dota_cpu	dota_МБ	тун_cpu	вахта_cpu	winsrv_cpu	en0_вниз	en0_вверх	повторы	не_в_срок	страниц_с_диска	из_свопа
001	07:34:56	6.54	56	1795.50	303	1439	6	12	26	16741	8412	0	0	19	0
002	07:35:11	7.15	42	1795.50	264	1439	4	6	20	590123	249469	24	0	1012	639
003	07:35:26	7.67	21	1795.50	276	1423	6	5	26	735973	2157574	0	0	435	184
004	07:35:42	9.57	58	1795.50	306	1427	12	68	25	703138	290821	0	0	508	255
005	07:35:58	8.42	44	1795.50	320	1440	7	4	20	927852	2210603	0	0	188	192
006	07:36:13	8.67	42	1795.50	303	1457	9	6	32	938863	255878	0	0	1511	317
007	07:36:29	8.46	75	1795.50	306	1460	10	6	25	939275	2063906	0	0	299	637
008	07:36:44	8.07	21	1795.50	286	1447	8	18	22	821818	460780	0	0	1557	192
009	07:37:00	8.04	67	1795.50	294	1445	6	13	27	656716	220971	0	0	288	1596
010	07:37:15	8.32	71	1795.50	294	1460	8	11	25	703131	241349	0	0	7198	256
011	07:37:31	7.94	80	1763.50	261	1483	6	28	19	856998	208428	0	0	485	1150
012	07:37:46	7.56	71	1763.50	276	1490	7	10	23	671077	219472	1111	0	211	63
013	07:38:02	7.92	68	1763.50	296	1492	6	31	19	679829	216608	0	0	307	64
014	07:38:17	8.55	87	1763.50	296	1493	6	13	27	623844	213653	0	0	76	191
015	07:38:33	7.90	70	1763.50	242	1478	9	23	17	1016240	287755	0	0	467	1083
016	07:38:49	7.92	82	1763.50	318	1502	10	52	25	957322	2059594	0	0	9339	1216
017	07:39:04	7.69	17	1763.50	330	1528	10	5	22	928439	2198782	0	0	342	320
018	07:39:20	7.56	29	1763.50	302	1499	8	3	33	855174	334240	0	0	1426	1728
019	07:39:35	6.78	62	1763.50	297	1513	10	1	24	771136	253687	0	0	259	318
020	07:39:51	6.55	35	1763.50	320	1521	8	1	29	712297	224597	0	0	26	192
021	07:40:06	6.57	27	1763.50	316	1515	5	4	26	778387	2049719	0	0	305	0
022	07:40:22	6.75	36	1763.50	298	1488	8	3	30	835001	2386346	0	0	1179	576
023	07:40:37	7.55	33	1763.50	307	1485	7	8	19	1064627	2186387	0	0	496	192
024	07:40:53	7.33	27	1763.50	303	1475	6	4	14	1122821	2245239	24	0	538	636
025	07:41:08	7.16	82	1763.50	300	1455	10	4	29	909121	2341640	0	0	712	64
026	07:41:23	6.66	88	1763.50	224	1466	10	7	22	997547	514932	0	0	514	64
027	07:41:39	6.65	79	1763.50	314	1482	11	9	22	1104899	2197063	0	0	367	127
028	07:41:54	6.80	51	1763.50	280	1505	8	80	26	781061	410096	0	0	235	64
029	07:42:10	7.63	87	1763.50	322	1485	6	4	27	795826	2058741	0	6605	465	128
030	07:42:25	7.05	66	1763.50	289	1497	12	16	19	806851	428764	1348	0	140	64
031	07:42:41	7.40	52	1763.50	284	1505	8	39	19	1075073	2373192	0	16216	352	0
032	07:42:56	7.26	19	1763.50	320	1518	9	12	20	826503	240091	0	0	105	256
033	07:43:12	6.91	60	1731.50	344	1521	10	4	18	1142937	2145989	0	0	3034	832
034	07:43:27	6.87	35	1731.50	286	1524	10	16	19	900821	398650	0	0	410	64
035	07:43:43	6.43	29	1731.50	309	1528	8	10	25	808359	411953	515	0	211	63
036	07:43:58	6.59	14	1731.50	285	1540	8	26	28	897412	240535	0	0	315	64
037	07:44:14	7.01	30	1731.50	306	1533	8	8	15	813541	223279	0	0	241	64
038	07:44:29	6.87	27	1731.50	295	1530	8	30	24	933129	234480	0	0	340	114
039	07:44:45	7.57	484	1782.00	306	1468	6	7	25	1050733	2210852	0	0	4659	128
040	07:45:00	7.68	432	1782.00	315	1491	10	4	21	942511	345120	0	0	413	253
041	07:45:16	6.86	375	1782.00	325	1508	9	4	23	983596	2248694	0	0	165	64
042	07:45:31	6.82	327	1782.00	323	1518	9	5	19	908210	304951	0	0	147	384
043	07:45:47	7.20	287	1782.00	251	1522	9	9	18	753550	417509	0	0	1454	678
044	07:46:02	7.18	155	1782.00	314	1550	8	8	23	867122	2149446	0	0	293	448
045	07:46:18	7.06	76	1782.00	314	1561	8	3	14	839453	250147	0	0	784	320
046	07:46:33	7.28	102	1782.00	312	1567	10	4	33	1149924	2248161	0	0	120	128
047	07:46:49	6.87	91	1782.00	301	1573	11	3	18	897332	2373395	0	0	223	125
048	07:47:04	7.17	79	1782.00	293	1588	8	4	28	851029	276915	0	10670	767	235
049	07:47:19	7.05	76	1782.00	307	1587	6	8	22	871187	2282205	0	0	256	189
050	07:47:35	7.20	48	1750.00	284	1590	8	71	13	1016896	2393139	0	0	2264	828
051	07:47:50	8.09	27	1750.00	284	1601	6	3	26	915356	4041560	0	0	1178	512
052	07:48:06	7.55	17	1750.00	300	1605	6	6	33	774318	224850	0	0	141	576
053	07:48:21	7.52	51	1750.00	299	1597	8	8	24	655313	437134	0	0	1125	128
054	07:48:37	7.31	55	1750.00	313	1600	7	8	21	897208	2223288	0	0	178	448
055	07:48:52	7.25	36	1750.00	319	1608	10	4	26	797634	2340722	0	0	378	128
056	07:49:08	7.34	35	1750.00	305	1611	7	3	20	883473	306926	0	0	440	128
057	07:49:23	7.09	28	1750.00	348	1631	8	4	15	942318	301412	0	0	293	2232
058	07:49:39	7.24	39	1750.00	341	1630	8	2	30	877090	249550	0	0	2542	320
059	07:49:54	7.09	50	1750.00	303	1582	5	36	21	536794	407806	0	0	2900	1278
060	07:50:10	7.00	157	1750.00	317	1524	38	29	22	745402	1229792	0	0	2557	192
061	07:50:25	7.29	117	1750.00	340	1545	7	5	12	739062	1273700	0	0	653	319
062	07:50:41	7.19	64	1750.00	317	1551	11	11	11	949530	427860	0	0	637	254
063	07:50:56	7.44	77	1750.00	324	1555	6	3	21	741596	2092304	0	0	70	192
064	07:51:12	7.62	56	1750.00	315	1535	7	4	20	879998	308117	0	0	513	376
065	07:51:27	7.94	37	1750.00	291	1553	11	13	26	1049234	2410667	0	0	243	128
066	07:51:43	7.40	23	1750.00	301	1569	10	8	24	1298901	4141031	0	0	506	128
067	07:51:58	6.98	17	1750.00	311	1583	13	8	26	1202351	2299091	0	0	2561	64
068	07:52:14	6.75	34	1750.00	314	1589	8	4	20	1081744	2347064	0	0	2680	128
069	07:52:29	6.48	16	1750.00	312	1596	7	3	23	782546	298920	0	0	518	506
070	07:52:45	6.19	33	1750.00	326	1595	9	8	19	996273	2449590	0	0	2858	64
071	07:53:00	6.80	15	1750.00	336	1606	8	10	20	1062622	3059793	680740	0	1000	186
072	07:53:16	7.20	39	1750.00	306	1581	5	27	25	878603	478671	0	0	1854	128
073	07:53:31	7.43	30	1750.00	276	1521	6	6	18	942467	254974	0	0	179	0
074	07:53:47	7.61	31	1750.00	318	1538	8	22	15	950091	248907	0	0	890	448
075	07:54:02	7.77	20	1750.00	335	1525	10	7	15	1177101	251344	0	0	106	192
076	07:54:18	7.82	49	1750.00	291	1523	5	22	21	745902	226977	0	0	735	0
077	07:54:33	7.23	23	1750.00	252	1537	8	19	20	727519	206907	0	0	66	63
078	07:54:49	7.39	49	1750.00	300	1517	8	16	18	758039	281667	0	0	829	64
079	07:55:04	7.22	27	1750.00	258	1533	10	26	24	1044246	268713	0	0	41	0
080	07:55:20	7.16	26	1718.00	305	1534	6	21	17	976398	252420	0	0	195	320
081	07:55:35	8.03	119	1718.00	144	1549	7	6	20	1263574	2173157	0	0	2366	767
082	07:55:51	7.92	77	1718.00	327	1575	11	3	19	1317810	382903	0	0	681	640
083	07:56:06	8.06	46	1718.00	310	1582	7	5	30	1269678	267238	0	0	58	64
084	07:56:22	7.75	21	1718.00	318	1586	6	8	22	1023288	453912	0	0	1001	64
085	07:56:37	7.49	48	1718.00	325	1586	10	4	20	1120312	2235762	17237	0	191	128
086	07:56:53	6.96	20	1718.00	319	1524	5	5	14	995727	317514	0	0	4135	2680
087	07:57:08	7.06	20	1718.00	327	1508	22	8	11	1154748	2199047	0	0	813	256
088	07:57:24	7.04	17	1718.00	328	1536	8	3	13	1165738	2447405	0	0	529	192
089	07:57:39	6.26	36	1798.00	102	2100	2	18	1	716394	2317717	1348	0	4166	4344
090	07:57:54	6.38	409	2222.25	204	2223	3	11	19	170341	2238824	0	0	12940	12256
091	07:58:10	7.53	115	2158.25	288	2337	21	75	9	72281	360602	0	0	3687	18465
092	07:58:25	7.49	49	2062.25	170	2127	0	2	29	187097	3897035	0	0	550	14805
093	07:58:41	6.78	66	2030.25	275	2045	3	3	10	187344	2193168	0	0	2777	10726
094	07:58:56	5.95	45	2030.25	286	2051	3	4	12	90122	108923	0	0	324	1408
095	07:59:11	5.75	38	2030.25	300	2039	1	2	11	166902	2206536	0	0	384	320
096	07:59:27	5.69	72	1966.25	163	1769	0	3	10	91299	117698	0	0	4920	8175
097	07:59:42	5.17	34	1966.25	138	1804	4	18	10	49768	56934	0	0	4139	6825
098	07:59:57	4.75	110	1902.25	131	1758	4	68	9	88734	268302	0	0	3683	10729
099	08:00:13	4.50	21	1902.25	132	1758	2	7	9	144064	2018648	0	0	503	1466
100	08:00:28	4.99	70	1902.25	130	1748	7	70	9	81513	233022	0	0	1122	319
101	08:00:43	5.41	61	1902.25	128	1748	1	4	9	185272	4061138	0	0	195	192
102	08:00:59	5.34	36	1902.25	130	1749	0	3	10	20018	19588	0	0	93	2367
103	08:01:14	5.05	36	1902.25	140	1727	18	46	10	111504	692391	0	0	2712	64
104	08:01:29	4.91	159	1902.25	113	1659	3	3	8	121491	1767802	0	0	1163	256
105	08:01:45	5.01	40	1902.25	130	1659	0	25	10	27372	36864	0	0	715	2044
106	08:02:00	5.81	67	1902.25	130	1657	0	11	10	9675	18830	0	0	100	64
107	08:02:15	5.50	56	1902.25	120	1626	0	8	8	1461	976	0	0	732	64
108	08:02:31	5.20	76	1902.25	128	1626	0	14	9	9126	15619	0	0	53	888
109	08:02:46	5.14	302	1951.75	124	1241	0	18	40	24455	17992	0	0	1052	5364
110	08:03:01	4.81	276	1951.75	128	1370	0	14	132	17360	21490	0	0	393	4075
111	08:03:17	5.57	307	2244.00	193	2074	8	7	17	803222	2453140	3262	0	4406	4462
112	08:03:32	5.98	69	2116.00	240	2063	5	0	12	692104	270696	0	0	18989	21366
113	08:03:48	5.41	47	2116.00	232	2114	6	5	12	270706	2204069	0	0	979	1145
114	08:04:03	5.10	17	2116.00	219	2134	3	3	16	358100	518971	0	0	2556	1397
115	08:04:18	5.35	18	2116.00	237	2131	5	1	17	109782	2055852	16079	2223	4403	1400
116	08:04:34	5.44	33	1892.00	125	2194	1	1	20	138665	197660	495	0	6382	57002
117	08:04:49	5.05	115	1889.75	209	2173	5	1	10	828559	387564	3921	21042	9776	115184
118	08:05:04	4.95	130	2032.50	195	1925	4	2	6	337905	198590	1954	5733	79469	148353
119	08:05:20	5.23	60	2299.25	206	2144	6	1	12	4508497	247320	0	1811396	55495	30846
120	08:05:35	10.95	69	2042.50	122	1396	0	2	17	444195	313349	0	0	18796	191717
121	08:05:51	11.93	115	1771.00	163	1222	0	1	56	1181497	1017816	1348	0	22107	240740
122	08:06:07	13.91	74	2022.50	388	1535	10	3	18	1642532	339177	1348	0	22923	81821
123	08:06:22	12.14	449	2328.25	130	2256	1	0	6	1031967	148391	0	0	19647	76154
124	08:06:37	10.72	128	2405.25	198	1954	5	1	12	497205	235607	0	0	38267	133305
125	08:06:53	9.45	21	2329.75	288	2371	4	1	19	228997	168046	0	0	16699	108854
126	08:07:08	9.11	92	2283.25	296	2383	16	4	26	389046	2183463	4044	0	1982	53818
127	08:07:24	8.37	16	2123.25	325	2236	6	0	23	406145	221414	0	0	636	31929
128	08:07:39	7.56	24	2123.25	293	2128	14	24	23	565337	281689	0	0	3481	10989
129	08:07:55	7.49	22	2059.25	302	2014	18	31	21	749700	454005	0	0	2585	10900
130	08:08:10	7.31	72	2059.25	282	1889	8	7	25	735931	305590	0	0	7410	4914
131	08:08:26	7.18	74	2059.25	287	1861	6	28	27	816505	240354	0	0	829	2676
132	08:08:41	7.49	79	2027.25	262	1815	11	12	26	819698	257945	0	0	121	2035
133	08:08:57	7.45	85	2027.25	265	1767	6	44	24	852094	216322	0	0	238	4277
134	08:09:12	7.35	73	1995.25	280	1756	6	10	21	869370	269888	0	0	572	1917
135	08:09:28	7.33	74	1995.25	301	1705	8	35	24	830374	234730	0	0	7181	1764
136	08:09:43	7.61	172	1995.25	311	1548	5	7	24	934184	2289768	0	0	2797	2935
137	08:09:58	7.18	124	1963.25	309	1573	12	1	24	1087100	328342	0	0	774	2481
138	08:10:14	7.14	42	1963.25	300	1584	6	5	26	857435	467269	0	0	1785	2289
139	08:10:29	6.82	50	1963.25	288	1597	6	92	26	920450	2327762	0	0	465	1655
140	08:10:45	6.81	47	1931.25	309	1543	10	1	15	956986	354776	0	0	1131	5798
141	08:11:00	6.66	17	1931.25	308	1550	8	1	27	1166499	2390194	1348	0	449	1015
142	08:11:16	6.31	27	1931.25	311	1534	5	2	22	1092482	3173677	0	0	661	640
143	08:11:31	6.84	19	1931.25	312	1534	5	5	25	897446	2342041	0	0	571	256
144	08:11:46	7.02	25	1931.25	316	1517	7	1	18	964869	2499855	0	0	472	576
145	08:12:02	7.02	21	1931.25	322	1505	4	0	14	1022455	527776	0	0	3274	3946
146	08:12:17	6.78	16	1931.25	297	1528	9	9	23	937777	2316517	1348	0	1166	1152
147	08:12:33	6.39	17	1931.25	304	1532	5	1	20	873492	216525	0	0	106	250
148	08:12:48	6.74	74	1931.25	301	1497	5	2	24	988093	2493027	0	0	4693	384
149	08:13:03	7.25	18	1931.25	304	1493	9	2	27	830846	325027	0	0	1023	251
150	08:13:19	7.65	38	1931.25	307	1479	6	1	28	954717	2402634	0	0	510	738
151	08:13:34	7.06	15	1931.25	311	1486	5	3	22	934343	2563053	1348	0	297	192
152	08:13:50	6.77	17	1899.25	304	1497	9	1	21	923897	231356	0	0	291	1280
153	08:14:05	6.45	18	1899.25	302	1488	8	11	23	1340864	4624347	2478	0	1481	384
154	08:14:21	6.64	29	1899.25	302	1481	6	2	21	855706	488143	0	0	2690	1021
155	08:14:36	6.42	58	1899.25	276	1449	14	39	18	753872	304512	0	0	3079	1398
156	08:14:51	6.26	20	1899.25	308	1469	5	2	15	910936	2322466	1348	0	88	640
157	08:15:07	6.13	57	1867.25	311	1435	6	6	22	860414	457039	0	0	2412	939
158	08:15:22	6.97	49	1867.25	278	1451	6	32	20	824993	253355	0	0	7731	1343
159	08:15:38	7.48	79	1867.25	293	1467	5	11	22	777407	225788	0	0	367	438
160	08:15:53	8.30	78	1835.25	283	1469	7	40	18	996276	230963	0	0	1260	1598
161	08:16:09	8.48	78	1835.25	280	1424	5	10	15	931999	287604	0	0	1122	3250
162	08:16:24	8.75	118	1882.25	254	1708	4	28	15	956739	308369	1348	0	8311	5890
163	08:16:40	9.26	81	1926.25	202	1800	9	24	24	943288	248948	0	0	12253	5994
164	08:16:55	8.36	121	1926.25	312	1759	10	4	22	1004940	2376601	0	0	4494	957
165	08:17:11	8.46	32	1926.25	322	1785	9	1	23	736674	248562	0	0	866	756
166	08:17:26	7.89	21	1926.25	289	1806	12	63	16	896989	2561204	0	0	615	1152
167	08:17:42	7.39	25	1926.25	319	1824	7	7	20	918364	2511160	0	0	584	768
168	08:17:57	7.25	19	1926.25	312	1846	12	0	22	1052313	2469873	0	0	348	128
169	08:18:13	6.97	18	1926.25	300	1844	6	3	21	899811	301697	0	17941	311	512
170	08:18:28	7.48	72	1926.25	308	1757	6	3	27	880980	2537980	0	0	4457	192
171	08:18:44	7.24	20	1926.25	302	1760	7	2	28	809753	322119	0	0	1276	768
172	08:18:59	7.46	66	1926.25	313	1774	4	0	20	1046364	252665	1348	2696	423	318
173	08:19:15	7.34	16	1926.25	316	1788	10	6	22	1063177	4753337	0	29006	810	320
174	08:19:30	7.42	19	1926.25	323	1794	5	0	24	1034018	290733	1348	0	770	1088
175	08:19:45	7.16	25	1926.25	313	1766	4	3	25	975508	2512212	1348	0	326	256
176	08:20:01	6.89	22	1926.25	300	1706	12	10	26	1013294	533801	5489	4721	1203	531
177	08:20:16	6.98	33	1926.25	322	1714	5	3	15	992696	2374850	0	0	461	572
178	08:20:32	7.26	25	1926.25	308	1718	6	1	22	850034	287480	0	0	125	127
179	08:20:47	7.35	18	1894.25	299	1670	8	46	20	818981	495070	0	0	3606	702
180	08:21:03	7.12	72	1894.25	304	1557	9	7	26	1290177	2591534	0	17400	3137	741
181	08:21:18	7.21	56	1894.25	305	1562	8	20	18	1015478	2439671	1348	8373	545	128
182	08:21:33	6.86	23	1894.25	314	1574	9	1	23	900791	2585512	0	0	1417	192
183	08:21:49	6.96	19	1862.25	312	1575	5	0	25	1074320	2611613	0	0	739	1088
184	08:22:04	6.59	55	1862.25	290	1516	10	12	26	1108837	2662817	1348	0	2803	1024
185	08:22:20	6.37	22	1862.25	307	1537	6	1	25	930098	463916	10856	0	793	251
186	08:22:35	6.42	70	1862.25	304	1534	5	2	25	891668	2407502	0	0	300	320
187	08:22:51	6.38	32	1862.25	282	1563	8	3	26	1251397	532883	0	0	894	192
188	08:23:06	6.17	89	1862.25	310	1528	10	3	26	1218617	2398335	0	0	1522	573
189	08:23:22	6.29	66	1862.25	312	1540	7	4	28	761503	266303	0	0	331	128
190	08:23:37	6.09	42	1862.25	322	1563	8	2	25	942758	227420	0	0	565	704
191	08:23:52	6.48	22	1862.25	239	1544	7	4	15	1065809	430005	0	0	2459	128
192	08:24:08	7.79	69	1862.25	314	1542	9	8	23	1149524	2437039	0	0	477	512
193	08:24:23	8.13	21	1862.25	284	1544	6	0	28	823997	309826	709	0	466	315
194	08:24:39	7.76	62	1862.25	282	1544	9	58	27	870956	278210	0	0	1121	192
195	08:24:54	7.42	18	1862.25	326	1552	9	0	24	997765	4868720	0	0	1226	958
196	08:25:10	7.17	33	1862.25	321	1554	6	4	24	818589	202248	0	0	309	445
197	08:25:25	6.76	18	1862.25	311	1563	6	1	25	915922	250278	0	0	285	320
198	08:25:41	6.31	21	1862.25	303	1586	7	0	28	1361628	224831	0	0	166	443
199	08:25:56	6.30	21	1862.25	310	1589	8	1	34	893007	232985	0	0	85	128
200	08:26:12	6.43	27	1862.25	314	1575	10	1	26	1091839	2962098	1405	0	3803	768
201	08:26:27	5.96	20	1862.25	303	1581	5	1	29	857962	255793	0	0	136	128
202	08:26:43	5.73	15	1862.25	304	1588	6	1	16	766194	232015	0	0	164	448
203	08:26:58	5.80	18	1862.25	295	1595	10	2	24	1237552	241028	0	0	173	256
204	08:27:13	6.12	16	1862.25	321	1606	6	1	31	905936	236874	0	0	354	64
205	08:27:29	6.10	18	1862.25	322	1612	6	0	22	798338	228340	0	0	470	64
206	08:27:44	6.16	24	1862.25	311	1618	9	1	29	889851	252468	0	0	141	256
207	08:28:00	5.97	23	1862.25	308	1623	9	0	25	986088	270882	0	0	103	64
208	08:28:15	5.59	19	1862.25	310	1620	6	3	29	921954	261389	0	0	207	61
209	08:28:31	5.23	19	1862.25	304	1636	8	6	20	1027100	240400	0	0	125	128
210	08:28:46	5.90	19	1862.25	303	1618	6	3	29	827519	231260	0	0	241	2297
211	08:29:01	5.88	23	1862.25	329	1585	8	1	14	958564	248370	0	0	1158	1274
212	08:29:17	5.84	18	1830.25	306	1582	8	0	22	1012862	264638	0	0	760	764
213	08:29:32	6.71	17	1830.25	325	1593	9	2	21	961952	238876	0	0	102	64
214	08:29:48	7.25	68	1798.25	88	1455	3	0	36	26827	60453	15317	3764	3419	11027
215	08:30:03	6.17	56	1856.25	68	2223	0	2	38	557428	341840	0	0	18350	15138
216	08:30:19	5.71	105	2130.75	407	2245	5	0	9	683873	289709	0	0	31440	30701
217	08:30:34	5.69	352	2757.75	180	2254	1	1	2	71168	181214	0	0	16441	90741
218	08:30:50	5.58	15	2552.50	317	2475	7	0	26	1105378	211932	0	435	1164	96525
219	08:31:05	6.15	18	2520.50	302	2527	8	4	27	930769	226908	0	0	2807	9324
220	08:31:21	6.06	53	2456.50	313	2475	6	5	30	994423	223930	0	0	486	13324
221	08:31:36	5.99	26	2456.50	314	2492	6	1	29	832359	219069	0	0	97	1853
222	08:31:52	6.47	16	2456.50	320	2497	9	0	22	771559	215006	423	0	112	3516
223	08:32:07	6.19	18	2456.50	309	2538	7	0	15	1351270	221354	0	0	889	6434
224	08:32:22	6.54	17	2392.50	287	2531	6	1	23	961676	280225	0	0	458	2942
225	08:32:38	6.93	16	2392.50	317	2525	9	0	26	689449	234755	0	0	164	1105
226	08:32:53	7.08	20	2392.50	313	2501	4	1	28	724952	220568	0	0	206	3837
227	08:33:09	7.36	18	2392.50	316	2503	6	0	20	742268	205296	0	0	141	3167
228	08:33:24	7.42	17	2392.50	321	2518	8	2	19	1021181	249458	685	0	207	2617
229	08:33:40	7.06	20	2392.50	330	2529	8	0	14	1061271	229085	0	0	93	1976
230	08:33:55	6.79	22	2194.50	229	2503	6	2	8	1078208	201113	0	0	501	7173
231	08:34:11	6.58	157	2367.75	154	2235	3	0	3	771850	184608	0	0	6687	55103
232	08:34:26	6.74	236	2440.25	316	2033	4	0	14	1015621	241363	0	0	17902	55922
233	08:34:41	6.57	47	2344.25	298	2124	10	2	21	1154387	205611	24	0	728	16151
234	08:34:57	6.19	17	2344.25	325	2138	7	6	18	1106526	236262	0	0	158	4148
235	08:35:12	5.90	15	2344.25	294	2064	5	3	25	704934	209542	0	0	160	3966
236	08:35:28	5.56	18	2344.25	298	2041	8	1	18	775474	212482	0	0	159	3827
237	08:35:43	5.74	17	2344.25	300	2050	5	0	26	594778	203485	0	0	2994	2048
238	08:35:59	5.77	19	2344.25	305	2041	5	1	23	685907	217291	0	0	120	3568
239	08:36:14	5.89	16	2280.25	295	2045	9	1	16	733745	271933	0	0	131	3951
240	08:36:29	5.99	18	2280.25	304	2053	6	2	20	887791	217143	24	0	423	2685
