время	мс	исход
11:02:08	291.8	ok
11:02:14	535.7	ok
11:02:19	329.2	ok
11:02:25	285.8	ok
11:02:31	456.4	ok
11:02:36	293.0	ok
11:02:42	256.9	ok
11:02:47	282.1	ok
11:02:53	269.0	ok
11:02:58	278.7	ok
11:03:04	257.0	ok
11:03:09	251.2	ok
11:03:15	291.0	ok
11:03:20	258.0	ok
11:03:26	288.4	ok
11:03:31	316.2	ok
11:03:37	294.8	ok
11:03:42	268.7	ok
11:03:48	298.1	ok
11:03:54	301.7	ok
11:03:59	286.2	ok
11:04:05	296.6	ok
11:04:10	273.5	ok
11:04:16	285.4	ok
11:04:21	295.7	ok
11:04:27	286.9	ok
11:04:32	294.4	ok
11:04:38	316.5	ok
11:04:43	299.1	ok
11:04:49	293.9	ok
11:04:55	275.1	ok
11:05:00	303.5	ok
11:05:05	116.4	ok
11:05:11	277.6	ok
11:05:17	292.3	ok
11:05:22	309.5	ok
11:05:28	279.5	ok
11:05:33	298.4	ok
11:05:39	307.7	ok
11:05:44	280.9	ok
11:05:50	281.7	ok
11:05:55	263.4	ok
11:06:01	276.1	ok
11:06:06	270.0	ok
11:06:12	274.2	ok
11:06:17	281.8	ok
11:06:23	284.9	ok
11:06:28	266.4	ok
11:06:34	280.3	ok
11:06:40	281.4	ok
11:06:45	111.2	ok
11:06:50	301.3	ok
11:06:56	277.7	ok
11:07:02	315.3	ok
11:07:07	271.2	ok
11:07:13	262.9	ok
11:07:18	278.0	ok
11:07:24	390.8	ok
11:07:29	260.1	ok
11:07:35	279.2	ok
11:07:40	281.7	ok
11:07:46	308.0	ok
11:07:51	394.9	ok
11:07:57	269.6	ok
11:08:02	279.6	ok
11:08:08	470.0	ok
11:08:14	262.8	ok
11:08:19	280.6	ok
11:08:25	509.0	ok
11:08:31	283.4	ok
11:08:36	278.3	ok
11:08:42	283.4	ok
11:08:47	260.6	ok
11:08:53	270.9	ok
11:08:58	272.7	ok
11:09:04	283.2	ok
11:09:09	280.9	ok
11:09:15	288.3	ok
11:09:20	289.5	ok
11:09:26	323.5	ok
11:09:32	308.8	ok
11:09:37	299.3	ok
11:09:43	327.2	ok
11:09:48	270.9	ok
11:09:54	110.4	ok
11:09:59	290.4	ok
11:10:05	340.1	ok
11:10:10	281.1	ok
11:10:16	323.7	ok
11:10:21	149.5	ok
11:10:27	285.8	ok
11:10:32	275.4	ok
11:10:38	94.3	ok
11:10:43	238.0	ok
11:10:49	268.7	ok
11:10:54	250.5	ok
11:10:59	258.4	ok
11:11:05	266.1	ok
11:11:10	266.9	ok
11:11:16	264.8	ok
11:11:21	261.0	ok
11:11:27	287.2	ok
11:11:33	274.8	ok
11:11:38	287.5	ok
11:11:44	275.7	ok
11:11:49	105.4	ok
11:11:55	284.1	ok
11:12:00	260.0	ok
11:12:06	273.9	ok
11:12:11	266.4	ok
11:12:17	299.0	ok
11:12:22	289.8	ok
11:12:28	291.3	ok
11:12:33	281.6	ok
11:12:39	487.2	ok
11:12:45	283.4	ok
11:12:50	312.6	ok
11:12:56	461.9	ok
11:13:01	146.2	ok
11:13:07	296.2	ok
11:13:13	427.3	ok
11:13:18	291.9	ok
11:13:24	274.5	ok
11:13:29	279.5	ok
11:13:35	272.6	ok
11:13:40	315.7	ok
11:13:46	285.3	ok
11:13:51	308.4	ok
11:13:57	317.6	ok
11:14:03	286.3	ok
11:14:08	272.2	ok
11:14:14	267.7	ok
11:14:19	299.7	ok
11:14:25	284.4	ok
11:14:30	126.6	ok
11:14:36	288.7	ok
11:14:42	296.8	ok
11:14:47	109.0	ok
11:14:53	310.3	ok
11:14:58	142.4	ok
11:15:04	300.7	ok
11:15:09	285.1	ok
11:15:15	277.4	ok
11:15:20	102.8	ok
11:15:26	359.2	ok
11:15:31	263.8	ok
11:15:37	269.1	ok
11:15:42	291.1	ok
11:15:48	289.1	ok
11:15:53	288.1	ok
11:15:59	305.9	ok
11:16:04	266.3	ok
11:16:10	283.7	ok
11:16:15	109.0	ok
11:16:21	287.2	ok
11:16:26	283.9	ok
11:16:32	265.9	ok
11:16:37	286.9	ok
11:16:43	289.7	ok
11:16:48	290.8	ok
11:16:54	341.8	ok
11:16:59	292.8	ok
11:17:05	320.4	ok
11:17:10	123.6	ok
11:17:16	267.8	ok
11:17:21	281.0	ok
11:17:27	284.6	ok
11:17:32	302.8	ok
11:17:38	122.2	ok
11:17:43	278.6	ok
11:17:49	274.1	ok
11:17:54	109.8	ok
11:18:00	443.8	ok
11:18:06	309.3	ok
11:18:11	275.8	ok
11:18:17	362.4	ok
11:18:22	285.7	ok
11:18:28	276.9	ok
11:18:33	116.4	ok
11:18:39	319.8	ok
11:18:44	290.4	ok
11:18:50	291.3	ok
11:18:56	296.1	ok
11:19:01	322.4	ok
11:19:07	284.8	ok
11:19:12	270.3	ok
11:19:18	302.0	ok
11:19:23	286.1	ok
11:19:29	316.5	ok
11:19:34	293.5	ok
11:19:40	306.0	ok
11:19:46	299.8	ok
11:19:51	289.3	ok
11:19:57	299.1	ok
11:20:02	288.8	ok
11:20:08	144.8	ok
11:20:13	285.2	ok
11:20:19	127.2	ok
11:20:24	336.7	ok
11:20:30	274.0	ok
11:20:35	106.5	ok
11:20:41	284.6	ok
11:20:46	248.0	ok
11:20:52	288.9	ok
11:20:57	119.6	ok
11:21:03	299.3	ok
11:21:08	302.3	ok
11:21:10	302.8	ok
11:21:16	272.2	ok
11:21:21	287.2	ok
11:21:27	324.8	ok
11:21:32	263.5	ok
11:21:38	295.3	ok
11:21:43	215.9	ok
11:21:49	306.0	ok
11:21:54	276.5	ok
11:22:00	280.3	ok
11:22:06	268.6	ok
11:22:11	275.8	ok
11:22:17	302.9	ok
11:22:22	266.2	ok
11:22:28	285.4	ok
11:22:33	324.2	ok
11:22:39	277.8	ok
11:22:44	122.1	ok
11:22:50	285.2	ok
11:22:55	281.0	ok
11:23:01	307.0	ok
11:23:06	123.2	ok
11:23:12	285.3	ok
11:23:17	300.0	ok
11:23:23	104.6	ok
11:23:28	280.3	ok
11:23:34	290.6	ok
11:23:39	287.3	ok
11:23:45	306.9	ok
11:23:50	134.8	ok
11:23:56	275.2	ok
11:24:01	282.3	ok
11:24:07	279.1	ok
11:24:12	288.7	ok
11:24:18	122.0	ok
11:24:23	308.9	ok
11:24:29	281.5	ok
11:24:34	145.5	ok
11:24:40	286.1	ok
11:24:45	280.7	ok
11:24:51	136.9	ok
11:24:56	279.2	ok
11:25:02	305.9	ok
11:25:08	491.0	ok
11:25:13	300.4	ok
11:25:19	300.3	ok
11:25:25	629.1	ok
11:25:30	301.3	ok
11:25:36	109.8	ok
11:25:41	304.0	ok
11:25:47	265.1	ok
11:25:52	297.6	ok
11:25:58	292.6	ok
11:26:03	113.0	ok
11:26:09	118.3	ok
11:26:14	123.1	ok
11:26:20	285.4	ok
11:26:25	302.5	ok
11:26:31	286.1	ok
11:26:36	296.3	ok
11:26:42	286.9	ok
11:26:47	313.1	ok
11:26:53	280.0	ok
11:26:58	291.0	ok
11:27:04	290.9	ok
11:27:10	301.0	ok
11:27:15	303.3	ok
11:27:21	292.3	ok
11:27:26	298.1	ok
11:27:32	314.3	ok
11:27:37	138.7	ok
11:27:43	304.9	ok
11:27:48	317.1	ok
11:27:54	283.2	ok
11:27:59	177.2	ok
11:28:05	274.9	ok
11:28:10	154.5	ok
11:28:16	293.9	ok
11:28:22	296.6	ok
11:28:27	140.7	ok
11:28:32	289.8	ok
11:28:38	302.5	ok
11:28:44	281.5	ok
11:28:49	301.7	ok
11:28:55	307.6	ok
11:29:00	123.7	ok
11:29:06	474.3	ok
11:29:11	257.4	ok
11:29:17	300.3	ok
11:29:23	439.0	ok
11:29:28	269.7	ok
11:29:34	285.1	ok
11:29:39	475.3	ok
11:29:45	123.4	ok
11:29:50	277.9	ok
11:29:56	134.3	ok
11:30:01	270.3	ok
11:30:07	277.2	ok
11:30:12	279.3	ok
11:30:18	293.3	ok
11:30:23	283.2	ok
11:30:29	344.0	ok
11:30:35	334.6	ok
11:30:40	304.3	ok
11:30:46	134.2	ok
11:30:51	270.2	ok
11:30:57	304.3	ok
11:31:02	158.3	ok
11:31:08	132.3	ok
11:31:13	297.0	ok
11:31:19	301.6	ok
11:31:24	291.9	ok
11:31:30	301.8	ok
11:31:35	129.8	ok
11:31:41	293.1	ok
11:31:46	272.8	ok
11:31:52	265.3	ok
11:31:57	284.4	ok
11:32:03	312.1	ok
11:32:09	384.5	ok
11:32:14	275.4	ok
11:32:20	307.9	ok
11:32:25	279.4	ok
11:32:31	295.8	ok
11:32:36	96.9	ok
11:32:42	100.9	ok
11:32:47	272.5	ok
11:32:53	299.4	ok
11:32:58	277.6	ok
11:33:04	299.5	ok
11:33:09	270.0	ok
11:33:15	274.6	ok
11:33:20	349.7	ok
11:33:26	277.4	ok
11:33:31	133.2	ok
11:33:37	600.1	ok
11:33:43	296.1	ok
11:33:48	143.0	ok
11:33:54	642.0	ok
11:34:00	302.0	ok
11:34:05	294.1	ok
11:34:11	292.9	ok
11:34:16	303.1	ok
11:34:22	150.2	ok
11:34:28	693.9	ok
11:34:33	295.8	ok
11:34:39	610.7	ok
11:34:45	333.3	ok
11:34:52	1492.5	ok
11:34:57	296.8	ok
11:35:03	227.1	ok
11:35:08	296.1	ok
11:35:14	131.2	ok
11:35:19	140.8	ok
11:35:24	143.3	ok
11:35:30	299.4	ok
11:35:35	127.9	ok
11:35:41	284.4	ok
11:35:46	288.5	ok
11:35:52	115.1	ok
11:35:57	116.3	ok
11:36:03	297.0	ok
11:36:08	300.5	ok
11:36:14	307.4	ok
11:36:19	281.0	ok
11:36:25	286.0	ok
11:36:30	273.0	ok
11:36:36	299.3	ok
11:36:42	291.8	ok
11:36:47	292.6	ok
11:36:52	138.7	ok
11:36:58	285.0	ok
11:37:03	137.4	ok
11:37:09	288.0	ok
11:37:15	294.6	ok
11:37:20	288.5	ok
11:37:25	116.9	ok
11:37:31	116.1	ok
11:37:36	296.7	ok
11:37:42	112.0	ok
11:37:47	284.6	ok
11:37:53	126.9	ok
11:37:58	286.6	ok
11:38:04	307.0	ok
11:38:09	278.8	ok
11:38:15	294.6	ok
11:38:20	287.2	ok
11:38:26	511.2	ok
11:38:32	134.4	ok
11:38:37	277.9	ok
11:38:43	531.7	ok
11:38:49	319.9	ok
11:38:54	307.1	ok
11:39:00	320.3	ok
11:39:05	294.0	ok
11:39:11	299.7	ok
11:39:17	276.1	ok
11:39:22	292.5	ok
11:39:27	133.1	ok
11:39:33	290.0	ok
11:39:39	310.7	ok
11:39:44	130.6	ok
11:39:49	128.2	ok
11:39:55	127.3	ok
11:40:00	136.9	ok
11:40:06	113.8	ok
11:40:11	117.8	ok
11:40:16	114.4	ok
11:40:22	276.3	ok
11:40:27	284.7	ok
11:40:33	124.9	ok
11:40:38	296.2	ok
11:40:44	292.6	ok
11:40:49	359.9	ok
11:40:55	304.7	ok
11:41:00	275.3	ok
11:41:06	116.1	ok
11:41:11	277.4	ok
11:41:17	145.2	ok
11:41:22	302.5	ok
11:41:28	141.1	ok
11:41:33	307.9	ok
11:41:39	115.7	ok
11:41:44	300.3	ok
11:41:50	483.0	ok
11:41:55	269.8	ok
11:42:01	112.1	ok
11:42:06	359.7	ok
11:42:12	284.1	ok
11:42:18	275.0	ok
11:42:23	450.8	ok
11:42:29	137.6	ok
11:42:34	293.2	ok
11:42:40	130.5	ok
11:42:45	325.5	ok
11:42:51	296.4	ok
11:42:56	302.0	ok
11:43:02	136.4	ok
11:43:07	292.9	ok
11:43:13	135.7	ok
11:43:18	309.8	ok
11:43:24	309.9	ok
11:43:30	300.2	ok
11:43:35	327.3	ok
11:43:41	274.7	ok
11:43:46	293.0	ok
11:43:52	295.8	ok
11:43:57	283.2	ok
11:44:03	296.6	ok
11:44:09	529.0	ok
11:44:14	132.2	ok
11:44:20	302.8	ok
11:44:25	297.1	ok
11:44:31	109.5	ok
11:44:36	123.8	ok
11:44:41	121.7	ok
11:44:47	121.9	ok
11:44:52	293.6	ok
11:44:58	292.3	ok
11:45:03	309.0	ok
11:45:09	267.4	ok
11:45:14	284.7	ok
11:45:20	266.3	ok
11:45:25	275.5	ok
11:45:31	285.6	ok
11:45:37	311.2	ok
11:45:42	288.3	ok
11:45:48	313.3	ok
11:45:53	303.6	ok
11:45:59	112.4	ok
11:46:04	279.2	ok
11:46:10	288.4	ok
11:46:15	121.6	ok
11:46:20	239.9	ok
11:46:26	292.3	ok
11:46:32	314.9	ok
11:46:37	297.0	ok
11:46:43	298.4	ok
11:46:48	286.8	ok
11:46:54	120.8	ok
11:46:59	107.1	ok
11:47:04	310.3	ok
11:47:10	167.3	ok
11:47:16	297.0	ok
11:47:21	142.5	ok
11:47:26	141.0	ok
11:47:32	280.3	ok
11:47:37	296.1	ok
11:47:43	276.3	ok
11:47:48	281.7	ok
11:47:54	322.9	ok
11:48:00	288.3	ok
11:48:05	371.8	ok
11:48:11	124.2	ok
11:48:16	111.3	ok
11:48:22	297.5	ok
11:48:27	286.7	ok
11:48:33	314.8	ok
11:48:38	339.0	ok
11:48:44	300.4	ok
11:48:49	274.7	ok
11:48:55	115.2	ok
11:49:00	297.9	ok
11:49:06	298.7	ok
11:49:11	344.6	ok
11:49:17	131.7	ok
11:49:22	116.7	ok
11:49:28	445.4	ok
11:49:33	295.4	ok
11:49:39	271.5	ok
11:49:44	267.7	ok
11:49:50	294.1	ok
11:49:56	286.5	ok
11:50:01	139.0	ok
11:50:07	277.1	ok
11:50:12	281.4	ok
11:50:18	294.2	ok
11:50:23	116.2	ok
11:50:29	290.7	ok
11:50:34	286.8	ok
11:50:39	112.7	ok
11:50:45	290.4	ok
11:50:51	305.5	ok
11:50:56	283.9	ok
11:51:02	285.9	ok
11:51:07	296.4	ok
11:51:13	284.0	ok
11:51:18	142.3	ok
11:51:24	134.6	ok
11:51:29	133.8	ok
11:51:35	307.2	ok
11:51:40	294.5	ok
11:51:46	291.3	ok
11:51:51	107.0	ok
11:51:57	289.6	ok
11:52:02	112.9	ok
11:52:07	268.8	ok
11:52:13	131.9	ok
11:52:18	148.5	ok
11:52:24	141.4	ok
11:52:29	281.5	ok
11:52:35	272.3	ok
11:52:40	276.5	ok
11:52:46	293.2	ok
11:52:51	110.7	ok
11:52:57	289.0	ok
11:53:02	138.2	ok
11:53:08	289.8	ok
11:53:13	284.4	ok
11:53:18	110.8	ok
11:53:24	281.1	ok
11:53:29	283.7	ok
11:53:35	116.8	ok
11:53:40	291.9	ok
11:53:46	290.2	ok
11:53:51	138.3	ok
11:53:57	137.8	ok
11:54:02	291.0	ok
11:54:08	294.1	ok
11:54:13	299.6	ok
11:54:19	307.5	ok
11:54:24	127.5	ok
11:54:30	124.5	ok
11:54:35	330.8	ok
11:54:41	320.2	ok
11:54:46	122.3	ok
11:54:52	492.1	ok
11:54:58	312.5	ok
11:55:03	134.7	ok
11:55:09	139.1	ok
11:55:14	304.0	ok
11:55:20	296.8	ok
11:55:25	293.1	ok
11:55:31	317.0	ok
11:55:36	123.3	ok
11:55:42	287.4	ok
11:55:47	317.5	ok
11:55:53	305.9	ok
11:55:58	289.5	ok
11:56:04	309.7	ok
11:56:10	334.8	ok
11:56:15	308.8	ok
11:56:21	153.3	ok
11:56:26	339.4	ok
11:56:32	114.1	ok
11:56:37	372.9	ok
11:56:43	281.8	ok
11:56:48	111.7	ok
11:56:54	295.8	ok
11:56:59	306.4	ok
11:57:05	265.3	ok
11:57:10	312.0	ok
11:57:15	247.4	ok
11:57:21	251.0	ok
11:57:26	322.1	ok
11:57:32	116.2	ok
11:57:37	128.0	ok
11:57:43	337.6	ok
11:57:48	309.7	ok
11:57:54	253.6	ok
11:57:59	378.6	ok
11:58:05	272.4	ok
11:58:10	324.3	ok
11:58:16	336.1	ok
11:58:22	345.0	ok
11:58:27	313.3	ok
11:58:33	343.3	ok
11:58:38	86.6	ok
11:58:43	278.7	ok
11:58:49	272.9	ok
11:58:54	111.7	ok
11:59:00	303.3	ok
11:59:05	257.3	ok
11:59:10	88.5	ok
11:59:16	71.2	ok
11:59:21	51.5	ok
11:59:26	204.6	ok
11:59:31	224.9	ok
11:59:37	241.7	ok
11:59:42	38.9	ok
11:59:47	216.2	ok
11:59:53	300.4	ok
11:59:58	256.3	ok
12:00:03	42.4	ok
12:00:08	269.3	ok
12:00:14	50.3	ok
12:00:19	238.7	ok
12:00:24	259.8	ok
12:00:30	307.3	ok
12:00:35	39.3	ok
12:00:40	220.1	ok
12:00:45	41.1	ok
12:00:50	41.9	ok
12:00:56	209.8	ok
12:01:01	224.9	ok
12:01:06	233.5	ok
12:01:12	204.4	ok
12:01:17	211.0	ok
12:01:22	198.9	ok
12:01:28	277.3	ok
12:01:33	207.7	ok
12:01:38	197.6	ok
12:01:44	222.9	ok
12:01:49	44.3	ok
12:01:54	40.8	ok
12:01:59	234.5	ok
12:02:04	42.0	ok
12:02:10	229.5	ok
12:02:15	41.1	ok
12:02:20	280.3	ok
12:02:25	269.0	ok
12:02:31	197.3	ok
12:02:36	39.2	ok
12:02:41	213.2	ok
12:02:46	208.6	ok
12:02:52	213.8	ok
12:02:57	47.6	ok
12:03:02	212.6	ok
12:03:08	216.9	ok
12:03:13	42.4	ok
12:03:18	218.8	ok
12:03:23	39.7	ok
12:03:28	49.9	ok
12:03:34	48.1	ok
12:03:39	206.2	ok
12:03:44	237.3	ok
12:03:50	262.8	ok
12:03:55	196.4	ok
12:04:00	219.2	ok
12:04:05	64.8	ok
12:04:11	48.4	ok
12:04:16	236.6	ok
12:04:21	213.8	ok
12:04:26	67.0	ok
12:04:32	243.1	ok
12:04:37	225.6	ok
12:04:42	241.6	ok
12:04:48	192.8	ok
12:04:53	219.3	ok
12:04:58	215.7	ok
12:05:04	250.0	ok
12:05:09	201.6	ok
12:05:14	38.9	ok
12:05:19	40.4	ok
12:05:25	211.9	ok
12:05:30	39.8	ok
12:05:35	222.7	ok
12:05:40	42.4	ok
12:05:45	217.7	ok
12:05:51	221.1	ok
