время	вниз_Бс	вверх_Бс	load1
05:54:53	58515	246986	7.72
05:54:58	60332	242645	7.74
05:55:03	63730	240798	7.60
05:55:08	47883	29324	7.39
05:55:14	54685	77603	7.28
05:55:19	53595	241667	7.02
05:55:24	49346	16956	6.61
05:55:29	46332	23152	6.40
05:55:34	45971	76156	6.53
05:55:39	48125	18560	6.65
05:55:44	56684	247742	6.44
05:55:49	57712	22516	6.40
05:55:54	61150	304350	6.34
05:56:00	44529	15432	6.31
05:56:05	57671	262020	6.61
05:56:10	80764	32833	6.40
05:56:15	72954	22307	6.45
05:56:20	61464	15497	6.33
05:56:25	66087	18240	6.54
05:56:30	55600	256271	6.50
05:56:35	46299	74476	6.46
05:56:41	51747	261910	6.26
05:56:46	52683	15092	6.32
05:56:51	57059	74912	6.29
05:56:56	71231	264908	6.43
05:57:01	60281	19522	6.72
05:57:06	60413	22675	6.66
05:57:11	63269	74615	6.53
05:57:16	44999	15511	6.56
05:57:22	80608	19258	6.52
05:57:27	63076	255435	6.40
05:57:32	31175	11370	6.04
05:57:37	135841	26906	6.36
05:57:42	63294	16878	6.25
05:57:47	52039	17635	6.23
05:57:52	57594	14644	6.29
05:57:58	56745	14630	6.35
05:58:03	57148	15252	6.56
05:58:08	67214	245851	6.52
05:58:13	60614	85002	6.63
05:58:18	59171	17745	7.30
05:58:23	59958	18081	7.68
05:58:28	52421	13751	7.79
05:58:33	61247	239641	7.48
05:58:38	62901	243288	7.20
05:58:44	66729	252913	6.95
05:58:49	56514	20022	7.19
05:58:54	59506	14878	7.17
05:58:59	57652	77158	7.48
05:59:04	46883	15350	7.52
05:59:09	50857	15411	7.40
05:59:14	46165	14795	7.13
05:59:20	57795	247166	7.12
05:59:25	69262	249478	7.10
05:59:30	73439	252855	6.78
05:59:35	71764	29569	6.71
05:59:40	75055	310375	6.82
05:59:45	50661	16293	6.91
05:59:50	53698	19069	7.16
05:59:55	61032	14762	7.15
06:00:01	58363	262634	7.05
06:00:06	57614	96961	6.97
06:00:11	92170	92632	7.61
06:00:16	54952	246585	7.80
06:00:21	55189	73979	7.98
06:00:26	68051	244715	8.06
06:00:31	60878	276550	8.30
06:00:36	61466	15223	8.43
06:00:42	74180	14225	8.08
06:00:47	62453	16744	7.75
06:00:52	70094	76037	7.85
06:00:57	57706	16022	7.78
06:01:02	51684	16343	7.72
06:01:07	53120	49529	7.82
06:01:12	56036	222456	7.68
06:01:18	55406	14228	7.78
06:01:23	58189	17309	7.64
06:01:28	56950	15075	7.35
06:01:33	54633	79381	7.88
06:01:38	69079	24357	7.41
06:01:43	52113	14203	7.62
06:01:48	58142	19640	7.25
06:01:54	64642	15229	7.31
06:01:59	59867	16995	7.28
06:02:04	57549	18609	7.66
06:02:09	70373	26729	7.85
06:02:14	64761	20844	8.58
06:02:19	147608	51793	8.45
06:02:24	39420	11714	8.98
06:02:29	51998	11960	8.66
06:02:35	75744	14277	8.52
06:02:40	76898	15061	8.16
06:02:45	67485	13781	7.52
06:02:50	55597	15590	7.24
06:02:55	52102	13715	7.22
06:03:00	44499	15176	7.20
06:03:06	54408	17672	7.59
06:03:11	46506	14335	7.70
06:03:16	48965	13837	8.36
06:03:21	55196	15319	8.41
06:03:26	71184	355881	8.54
06:03:31	69532	75733	8.34
06:03:36	78907	23561	8.79
06:03:41	78298	21375	8.73
06:03:47	70428	13875	8.43
06:03:52	52883	13787	8.23
06:03:57	52345	15178	8.05
06:04:02	48507	15669	8.05
06:04:07	56134	16887	8.37
06:04:12	64054	30457	8.98
06:04:18	40894	15789	8.90
06:04:23	47565	13431	8.83
06:04:28	41219	13698	8.44
06:04:33	36704	12264	8.32
06:04:38	43463	15121	8.30
06:04:43	42886	13899	8.19
06:04:48	54445	14126	7.78
06:04:54	48557	13885	7.88
06:04:59	49590	16648	7.96
06:05:04	59540	243229	8.61
06:05:09	61487	298131	8.16
06:05:14	66170	25239	7.83
06:05:19	71996	19556	7.44
06:05:24	66975	15008	7.40
06:05:30	52993	13902	7.21
06:05:35	54910	17688	7.19
06:05:40	68434	18351	6.86
06:05:45	60057	14652	6.79
06:05:50	66521	16183	6.73
06:05:55	60530	13139	6.61
06:06:00	69521	13536	7.04
06:06:05	56805	15577	7.12
06:06:10	54903	15850	6.87
06:06:16	85662	44783	6.72
06:06:21	62711	27830	6.66
06:06:26	64837	21276	6.69
06:06:31	57692	14205	6.31
06:06:36	65967	14871	6.29
06:06:41	72475	16439	6.02
06:06:46	83407	17325	5.78
06:06:51	58090	15058	6.04
06:06:57	63698	15236	6.27
06:07:02	56450	14864	6.73
06:07:07	78480	295353	7.07
06:07:12	78143	270591	6.75
06:07:17	66557	14350	6.69
06:07:22	65881	17722	6.55
06:07:27	67314	312311	6.51
06:07:32	59668	21387	6.07
06:07:38	64794	26130	6.06
06:07:43	54327	73638	6.06
06:07:48	52909	13923	6.13
06:07:53	54479	17644	6.12
06:07:58	55448	14436	6.19
06:08:03	47445	16432	6.33
06:08:08	49087	14040	6.47
06:08:13	66137	248090	6.35
06:08:19	64567	25170	6.24
06:08:24	63108	19811	6.06
06:08:29	51338	16618	6.14
06:08:34	56536	78545	6.29
06:08:39	56274	249989	6.34
06:08:44	49389	15239	6.16
06:08:49	43325	21876	6.30
06:08:54	52618	14625	6.44
06:09:00	61033	311666	6.48
06:09:05	61636	18979	6.12
06:09:10	44841	15157	6.11
06:09:15	59457	20557	6.58
06:09:20	67608	14626	6.38
06:09:25	74998	18417	6.35
06:09:30	64582	13862	6.22
06:09:36	65305	15540	6.44
06:09:41	63520	17697	6.49
06:09:46	49193	77330	6.45
06:09:51	54510	208285	6.25
06:09:56	68097	310859	6.15
06:10:01	64763	27504	5.98
06:10:06	47674	19181	5.98
06:10:11	57923	73648	5.82
06:10:17	52881	15055	6.32
06:10:22	77374	35887	6.45
06:10:27	103863	38320	6.41
06:10:32	111996	32331	6.46
06:10:37	78010	254248	6.42
06:10:42	59904	17310	6.55
06:10:47	77483	17521	6.67
06:10:52	70373	16728	6.93
06:10:58	75378	17840	7.02
06:11:03	69104	76381	7.34
06:11:08	84701	32218	7.87
06:11:13	47277	19729	7.80
06:11:18	45935	13644	7.58
06:11:23	61322	16499	7.61
06:11:28	60789	253477	8.04
06:11:33	54232	14133	7.72
06:11:39	75983	25323	12.78
06:11:44	65571	17510	12.48
06:11:49	43515	12726	11.72
06:11:54	54183	14575	11.66
06:11:59	54951	13076	11.13
06:12:04	55725	12499	10.56
06:12:09	57706	12736	10.59
06:12:14	76197	15490	10.23
06:12:20	65275	15906	9.89
06:12:25	76163	17278	10.06
06:12:30	83157	15213	10.13
06:12:35	76160	14863	9.88
06:12:40	69740	16694	9.65
06:12:45	71262	14710	9.52
06:12:50	75836	15430	9.16
06:12:55	84050	15679	8.90
06:13:00	81969	16143	8.43
06:13:06	94968	31249	8.40
06:13:11	48342	11709	7.87
06:13:16	48945	13663	7.88
06:13:21	57856	13976	7.73
06:13:26	55425	14198	7.43
06:13:31	53030	13810	7.39
06:13:36	65681	17043	7.04
06:13:41	73913	58814	7.12
06:13:47	70706	16078	6.95
06:13:52	71205	14870	7.35
06:13:57	79391	21374	7.16
06:14:02	69838	16299	6.99
06:14:07	65064	38616	6.99
06:14:12	77998	44812	6.99
06:14:17	70526	17922	7.31
06:14:22	67555	47145	7.13
06:14:28	69944	17600	7.12
06:14:33	65630	16015	7.11
06:14:38	63092	41286	6.62
06:14:43	72467	47399	6.97
06:14:48	47987	14648	7.21
06:14:53	50937	21420	6.95
06:14:58	51401	16028	7.04
06:15:03	62879	16277	7.03
06:15:09	80805	29568	7.11
06:15:14	61443	40966	6.94
06:15:19	47352	14070	7.19
06:15:24	56988	13536	7.17
06:15:29	81070	17217	7.00
06:15:34	91043	13940	6.84
06:15:39	72248	16391	6.61
06:15:44	70396	42280	6.48
06:15:49	65153	15017	6.44
06:15:55	65954	13833	6.57
06:16:00	77204	39851	6.52
06:16:05	79692	16060	6.24
06:16:10	74495	13074	5.82
06:16:15	68166	18594	5.67
06:16:20	68751	15049	5.54
06:16:25	72832	14923	5.49
06:16:30	71933	41347	5.85
06:16:36	71438	17220	5.87
06:16:41	68735	16393	5.96
06:16:46	70245	21626	6.12
06:16:51	53057	13224	6.56
06:16:56	67701	13522	6.52
06:17:01	69499	34112	6.88
06:17:06	82547	27588	6.73
06:17:11	56466	11698	6.91
06:17:16	61861	15290	7.08
06:17:22	62659	11900	7.15
06:17:27	67160	11516	6.90
06:17:32	71023	13487	6.58
06:17:37	79410	42499	6.86
06:17:42	75812	13998	7.03
06:17:47	68962	12865	7.03
06:17:52	64240	15698	6.86
06:17:57	81326	35216	7.27
06:18:03	77363	15573	7.65
06:18:08	74481	42813	7.52
06:18:13	80103	45330	7.40
06:18:18	65311	13765	7.21
06:18:23	65800	13132	6.87
06:18:28	62685	17140	6.64
06:18:33	53462	16890	6.75
06:18:38	60721	41939	6.85
06:18:43	60423	22843	6.54
06:18:49	68822	26172	6.82
06:18:54	75484	25104	6.83
06:18:59	84176	16075	7.16
06:19:04	71136	43113	7.15
06:19:09	76134	36155	7.30
06:19:14	71158	19540	7.19
06:19:19	81490	14436	7.10
06:19:25	79296	15468	7.17
06:19:30	70188	37126	7.00
06:19:35	84040	18233	6.92
06:19:40	64556	16530	7.08
06:19:45	81877	46588	7.00
06:19:50	84876	16234	6.92
06:19:55	95018	17534	6.84
06:20:00	87202	21455	6.61
06:20:05	77984	20298	6.40
06:20:11	79645	14160	6.77
06:20:16	72383	13758	6.71
06:20:21	69579	15348	7.29
06:20:26	75292	20945	7.67
06:20:31	74125	19274	7.78
06:20:36	75631	54640	7.90
06:20:41	61954	80098	7.83
06:20:46	53798	15818	7.44
06:20:52	63847	15987	7.25
06:20:57	75587	31842	7.23
06:21:02	64367	15613	7.29
06:21:07	55816	59173	7.19
06:21:12	89387	61894	6.93
06:21:17	82447	30539	6.62
06:21:22	77236	23185	6.57
06:21:28	99232	34689	6.52
06:21:33	70969	14717	6.32
06:21:38	73380	15376	6.61
06:21:43	79547	37466	6.64
06:21:48	74252	35122	6.67
06:21:53	78634	16905	6.78
06:21:58	87099	20492	6.96
06:22:03	89262	18047	6.88
06:22:08	80156	22928	6.65
06:22:14	99335	28906	6.76
06:22:19	91404	70972	7.02
06:22:24	70517	15378	6.93
06:22:29	67830	24657	6.62
06:22:34	85792	36948	6.33
06:22:39	80108	52132	6.54
06:22:44	66673	27204	6.42
06:22:49	59420	14872	6.55
06:22:55	50424	15563	7.22
06:23:00	71591	15769	7.04
06:23:05	71254	32363	7.20
06:23:10	65330	22218	7.42
06:23:15	67608	24435	7.39
06:23:20	46433	17569	7.20
06:23:25	59150	14474	7.18
06:23:30	63453	50417	6.93
06:23:36	60390	21449	6.93
06:23:41	74279	18918	7.34
06:23:46	78997	20362	7.47
06:23:51	93216	58131	7.27
06:23:56	93946	56353	7.01
06:24:01	81540	17771	6.77
06:24:06	73250	23602	6.63
06:24:11	80730	22397	6.66
06:24:16	73009	39354	7.13
06:24:22	70229	61754	7.76
06:24:27	75535	50662	7.38
06:24:32	90123	40740	7.35
06:24:37	76441	62426	7.08
06:24:42	78779	17525	6.83
06:24:47	85634	23752	6.61
06:24:52	81117	20601	6.32
