время	процесс	вниз_Б	вверх_Б	дубли	не_в_срок	повторы
06:36:44	steam_osx	390393	84397	6132	0	4993
06:36:44	dota2	143200806	19884770	0	0	0
06:36:44	Tunnel	18414521	60543783	21752	62174	1069804
06:36:54	steam_osx	391167	84397	6132	0	4993
06:36:54	dota2	143573318	19942943	0	0	0
06:36:54	Tunnel	18812730	60624780	21752	62174	1069804
06:37:04	steam_osx	391167	84451	6132	0	4993
06:37:04	dota2	144062294	20025524	0	0	0
06:37:04	Tunnel	19330229	60726026	21752	69966	1069804
06:37:14	steam_osx	391167	84451	6132	0	4993
06:37:14	dota2	144445873	20092955	0	0	0
06:37:14	Tunnel	19758758	61023211	21752	69966	1069804
06:37:25	steam_osx	391738	84451	6132	0	4993
06:37:25	dota2	144796120	20159105	0	0	0
06:37:25	Tunnel	20153231	61239148	21752	69966	1069804
06:37:35	steam_osx	391738	84505	6132	0	4993
06:37:35	dota2	145141196	20217944	0	0	0
06:37:35	Tunnel	20520645	61310459	21752	69966	1069804
06:37:45	steam_osx	392306	84505	6132	0	4993
06:37:45	dota2	145513298	20275950	0	0	0
06:37:45	Tunnel	20925524	61607529	21752	69966	1069804
06:37:55	steam_osx	392884	84559	6132	0	4993
06:37:55	dota2	145866442	20334180	0	0	0
06:37:55	Tunnel	21321342	61723926	21752	69966	1069804
06:38:05	steam_osx	393072	84559	6132	0	4993
06:38:05	dota2	146267789	20406635	0	0	0
06:38:05	Tunnel	21769103	62029020	21752	69966	1069804
06:38:15	steam_osx	393072	84559	6132	0	4993
06:38:15	dota2	146636724	20457004	0	0	0
06:38:15	Tunnel	22190675	62418439	21752	69966	1069804
06:38:25	steam_osx	393375	84613	6132	0	4993
06:38:25	dota2	147016858	20511070	0	0	0
06:38:25	Tunnel	22601398	62621145	21752	69966	1071665
06:38:35	steam_osx	393375	84613	6132	0	4993
06:38:35	dota2	147328158	20581151	0	0	0
06:38:35	Tunnel	22944786	62978452	21752	69966	1071665
06:38:46	steam_osx	393957	84613	6132	0	4993
06:38:46	dota2	147657681	20632977	0	0	0
06:38:46	Tunnel	23338060	63181052	21752	69966	1071665
06:38:56	steam_osx	394146	84667	6132	0	4993
06:38:56	dota2	148048184	20690274	0	0	0
06:38:56	Tunnel	23766070	63475325	21752	69966	1071665
06:39:06	steam_osx	394841	85088	6132	0	4993
06:39:06	dota2	148462112	20770386	0	0	0
06:39:06	Tunnel	23630795	63560145	20924	67565	1071665
06:39:16	steam_osx	394938	85088	6132	0	4993
06:39:16	dota2	148934569	20841058	0	0	0
06:39:16	Tunnel	24142228	63657125	20924	67565	1071665
06:39:26	steam_osx	395417	85142	6132	0	4993
06:39:26	dota2	149335405	20892367	0	0	0
06:39:26	Tunnel	24600158	63742055	20924	67565	1079753
06:39:36	steam_osx	395417	85142	6132	0	4993
06:39:36	dota2	149660620	20970887	0	0	0
06:39:36	Tunnel	24976554	64173274	20924	67565	1081101
06:39:46	steam_osx	395983	85142	6132	0	4993
06:39:46	dota2	150001885	21019977	0	0	0
06:39:46	Tunnel	25348172	64269068	20924	67565	1081101
06:39:56	steam_osx	395983	85196	6132	0	4993
06:39:56	dota2	150334151	21077590	0	0	0
06:39:56	Tunnel	25717890	64362535	20924	67565	1081101
06:40:07	steam_osx	396193	85196	6132	0	4993
06:40:07	dota2	150671060	21139719	0	0	0
06:40:07	Tunnel	26091411	64442291	20924	67565	1081101
06:40:17	steam_osx	396775	85250	6132	0	4993
06:40:17	dota2	151025872	21215467	0	0	0
06:40:17	Tunnel	26487088	64535971	20924	67565	1081101
06:40:27	steam_osx	396775	85250	6132	0	4993
06:40:27	dota2	151358685	21274210	0	0	0
06:40:27	Tunnel	26857022	64619676	20924	67565	1081101
06:40:37	steam_osx	396963	85250	6132	0	4993
06:40:37	dota2	151745210	21331579	0	0	0
06:40:37	Tunnel	27306178	65036936	20924	67565	1081101
06:40:47	steam_osx	396963	85304	6132	0	4993
06:40:47	dota2	152224688	21386375	0	0	0
06:40:47	Tunnel	27798964	64858424	20924	67565	1081101
06:40:57	steam_osx	397152	85304	6132	0	4993
06:40:57	dota2	152799307	21450905	0	0	0
06:40:57	Tunnel	28425007	64957615	20924	67565	1081101
06:41:07	steam_osx	398292	85304	6132	0	4993
06:41:07	dota2	153364253	21519225	0	0	0
06:41:07	Tunnel	29027317	65025373	20924	67565	1081101
06:41:18	steam_osx	398873	85358	6132	0	4993
06:41:18	dota2	153777206	21575662	0	0	0
06:41:18	Tunnel	29471748	65087321	20924	67565	1081149
06:41:28	steam_osx	398873	85358	6132	0	4993
06:41:28	dota2	154135610	21625589	0	0	0
06:41:28	Tunnel	29858648	65142303	20924	67565	1074274
06:41:38	steam_osx	398873	85412	6132	0	4993
06:41:38	dota2	154540851	21678574	0	0	0
06:41:38	Tunnel	30298566	65210338	20924	67565	1074274
06:41:48	steam_osx	398873	85412	6132	0	4993
06:41:48	dota2	154934889	21738535	0	0	0
06:41:48	Tunnel	30731758	65288934	20924	67565	1074274
06:41:58	steam_osx	398873	85412	6132	0	4993
06:41:58	dota2	155296573	21796428	0	0	0
06:41:58	Tunnel	31125210	65368957	20924	67565	1074274
06:42:08	steam_osx	398965	85466	6132	0	4993
06:42:08	dota2	155736789	21853347	0	0	0
06:42:08	Tunnel	31620141	65457906	20924	67565	1074274
06:42:18	steam_osx	399657	85887	6132	0	4993
06:42:18	dota2	156197438	21913001	0	0	0
06:42:18	Tunnel	32096608	65512714	20924	67565	1074274
06:42:28	steam_osx	399657	85887	6132	0	4993
06:42:28	dota2	156643605	21967354	0	0	0
06:42:28	Tunnel	32614467	65620874	20924	67565	1074274
06:42:39	steam_osx	399849	85941	6132	0	4993
06:42:39	dota2	157127607	22030496	0	0	0
06:42:39	Tunnel	33141154	65935526	20924	67565	1074274
06:42:49	steam_osx	399849	85941	6132	0	4993
06:42:49	dota2	157577592	22089237	0	0	0
06:42:49	Tunnel	33645375	66251535	20924	67565	1074298
06:42:59	steam_osx	400620	85995	6132	0	4993
06:42:59	dota2	158005862	22160623	0	0	0
06:42:59	Tunnel	34108536	66348163	20924	67565	1074274
06:43:09	steam_osx	400809	85995	6132	0	4993
06:43:09	dota2	56519546	8735831	0	0	0
06:43:09	Tunnel	30799540	65149400	18132	45443	1069863
06:43:19	steam_osx	401587	85995	6132	0	4993
06:43:19	dota2	56782964	8685808	0	0	0
06:43:19	Tunnel	31225775	65499628	18372	45443	1069839
06:43:29	steam_osx	402169	86049	6132	0	4993
06:43:29	dota2	56979902	8575134	0	0	0
06:43:29	Tunnel	31669199	65732111	18693	51409	1069839
06:43:39	steam_osx	402547	86049	6132	0	4993
06:43:39	dota2	57387011	8663941	0	0	0
06:43:39	Tunnel	32189098	65905575	18693	51409	1069839
06:43:49	steam_osx	402935	86049	6132	0	4993
06:43:49	dota2	57671449	8717801	0	0	0
06:43:49	Tunnel	32504998	66206664	18693	51409	1069839
06:44:00	steam_osx	402935	86103	6132	0	4993
06:44:00	dota2	57990106	8772971	0	0	0
06:44:00	Tunnel	32883504	66661963	18693	51409	1069839
06:44:10	steam_osx	403438	86524	6132	0	4993
06:44:10	dota2	58330309	8829011	0	0	0
06:44:10	Tunnel	33270688	67243390	18693	51409	1069839
06:44:20	steam_osx	403531	86524	6132	0	4993
06:44:20	dota2	58673520	8887220	0	0	0
06:44:20	Tunnel	33673510	67559537	20027	51409	1145868
06:44:30	steam_osx	404102	86578	6132	0	4993
06:44:30	dota2	59070991	8940081	0	0	0
06:44:30	Tunnel	34107581	67890756	20027	51409	1145868
06:44:40	steam_osx	404887	86578	6132	0	4993
06:44:40	dota2	59455175	8998797	0	0	0
06:44:40	Tunnel	34514490	68224273	20027	51409	1145868
06:44:50	steam_osx	404887	86632	6132	0	4993
06:44:50	dota2	59784697	9048556	0	0	0
06:44:50	Tunnel	34875428	68426244	20027	51409	1145868
06:45:00	steam_osx	405577	87053	6132	0	4993
06:45:00	dota2	60137225	9100117	0	0	0
06:45:00	Tunnel	35212998	68774076	20027	51409	1145868
06:45:10	steam_osx	406564	87143	6132	0	4993
06:45:10	dota2	60520795	9155932	0	0	0
06:45:10	Tunnel	35526171	68776969	20027	51409	1145868
06:45:21	steam_osx	407132	87143	6132	0	4993
06:45:21	dota2	60855983	9201448	0	0	0
06:45:21	Tunnel	35861810	69050446	20027	51409	1145868
06:45:31	steam_osx	407321	87197	6132	0	4993
06:45:31	dota2	61246946	9261852	0	0	0
06:45:31	Tunnel	36203582	69178277	20027	51409	1145868
06:45:41	steam_osx	407321	87197	6132	0	4993
06:45:41	dota2	61567162	9382167	0	0	0
06:45:41	Tunnel	36559357	69276386	20027	51409	1145868
06:45:51	steam_osx	407902	87251	6132	0	4993
06:45:51	dota2	61861058	9353567	0	0	0
06:45:51	Tunnel	37098984	69513761	20027	51409	1145868
06:46:01	steam_osx	408112	87251	6132	0	4993
06:46:01	dota2	62232044	9442541	0	0	0
06:46:01	Tunnel	37596523	69675192	20027	51409	1145868
06:46:11	steam_osx	408406	87251	6132	0	4993
06:46:11	dota2	62763887	9521107	0	0	0
06:46:11	Tunnel	38178230	69775299	20027	51409	1145868
06:46:21	steam_osx	408594	87305	6132	0	4993
06:46:21	dota2	63222089	9611315	0	0	0
06:46:21	Tunnel	38669060	69868427	20027	51409	1145868
06:46:31	steam_osx	409163	87305	6132	0	4993
06:46:31	dota2	63639679	9677638	0	0	0
06:46:31	Tunnel	39129183	69952230	20027	51409	1145868
06:46:42	steam_osx	409665	87726	6132	0	4993
06:46:42	dota2	64064886	9732387	0	0	0
06:46:42	Tunnel	39601533	70031101	20027	51409	1145868
06:46:52	steam_osx	409962	87780	6132	0	4993
06:46:52	dota2	64599967	9787567	0	0	0
06:46:52	Tunnel	40172238	69899412	20027	51409	1145868
06:47:02	steam_osx	410148	87780	6132	0	4993
06:47:02	dota2	65043174	9839364	0	0	0
06:47:02	Tunnel	40664584	69968140	20027	51409	1145868
06:47:12	steam_osx	410148	87834	6132	0	4993
06:47:12	dota2	65420522	9893984	0	0	0
06:47:12	Tunnel	41074994	70277610	20027	51409	1145868
06:47:22	steam_osx	410148	87834	6132	0	4993
06:47:22	dota2	38087415	5659314	0	0	0
06:47:22	Tunnel	41594936	70383058	20027	58875	1152307
06:47:32	steam_osx	410525	87834	6132	0	4993
06:47:32	dota2	38526474	5713200	0	0	0
06:47:32	Tunnel	42082332	70571395	20027	58875	1152307
06:47:43	steam_osx	410717	87888	6132	0	4993
06:47:43	dota2	38902996	5773228	0	0	0
06:47:43	Tunnel	42313301	70753511	20027	58875	1152307
06:47:53	steam_osx	410717	87888	6132	0	4993
06:47:53	dota2	39307457	5835574	0	0	0
06:47:53	Tunnel	42774779	71095028	20027	58875	1152307
06:48:03	steam_osx	412067	87888	6132	0	4993
06:48:03	dota2	39661013	5908341	0	0	0
06:48:03	Tunnel	43084496	71424990	20027	58875	1152307
06:48:13	steam_osx	412649	87942	6132	0	4993
06:48:13	dota2	40017685	5974758	0	0	0
06:48:13	Tunnel	43472084	71532771	20027	58875	1152307
06:48:23	steam_osx	412649	87942	6132	0	4993
06:48:23	dota2	40469833	6038403	0	0	0
06:48:23	Tunnel	14240744	66276800	17225	7624	1153338
06:48:33	steam_osx	412849	87996	6132	0	4993
06:48:33	dota2	40807524	6087936	0	0	0
06:48:33	Tunnel	14604265	66612744	17225	7624	1153338
06:48:43	steam_osx	412849	88155	6132	0	4993
06:48:43	dota2	41159483	6144083	0	0	0
06:48:43	Tunnel	14985470	66983304	17225	7624	1153338
06:48:53	steam_osx	412849	88155	6132	0	4993
06:48:53	dota2	41514163	6199601	0	0	0
06:48:53	Tunnel	15374135	67065279	17225	7624	1153338
06:49:03	steam_osx	413620	88155	6132	0	4993
06:49:03	dota2	42011901	6265918	0	0	0
06:49:03	Tunnel	15911169	67160880	17225	7624	1154495
06:49:14	steam_osx	413620	88209	6132	0	4993
06:49:14	dota2	42393766	6343427	0	0	0
06:49:14	Tunnel	16320943	67255909	17225	7624	1154495
06:49:24	steam_osx	414469	88209	6132	0	4993
06:49:24	dota2	42822087	6402848	0	0	0
06:49:24	Tunnel	16794710	67710884	17622	7624	1159595
06:49:34	steam_osx	414974	88631	6132	0	4993
06:49:34	dota2	43217520	6461096	0	0	0
06:49:34	Tunnel	17219587	67920719	17622	7624	1159595
06:49:44	steam_osx	415166	88685	6132	0	4993
06:49:44	dota2	43636463	6517915	0	0	0
06:49:44	Tunnel	17669057	68247687	17622	7624	1159595
06:49:54	steam_osx	415366	88685	6132	0	4993
06:49:54	dota2	44017165	6572583	0	0	0
06:49:54	Tunnel	18083786	68365441	17622	7624	1159619
06:50:04	steam_osx	415576	88685	6132	0	4993
06:50:04	dota2	44422375	6660791	0	0	0
06:50:04	Tunnel	18151463	68819769	17591	7555	1159595
06:50:14	steam_osx	415576	88739	6132	0	4993
06:50:14	dota2	44766900	6719151	0	0	0
06:50:14	Tunnel	18524623	69039727	17591	7555	1159595
06:50:24	steam_osx	415765	88739	6132	0	4993
06:50:24	dota2	45202427	6786934	0	0	0
06:50:24	Tunnel	18991339	69118605	17591	7555	1159595
06:50:34	steam_osx	415765	88739	6132	0	4993
06:50:34	dota2	45595257	6842235	0	0	0
06:50:34	Tunnel	19422583	69210496	17591	7555	1159595
06:50:45	steam_osx	415765	88793	6132	0	4993
06:50:45	dota2	46051911	6900227	0	0	0
06:50:45	Tunnel	19918707	69284209	17591	7555	1159595
06:50:55	steam_osx	415765	88793	6132	0	4993
06:50:55	dota2	46627975	6954350	0	0	0
06:50:55	Tunnel	20539474	69353843	17591	7555	1159595
06:51:05	steam_osx	416163	88847	6132	0	4993
06:51:05	dota2	47055932	7008415	0	0	0
06:51:05	Tunnel	20998138	69423979	17591	7555	1159595
06:51:15	steam_osx	417818	89269	6132	0	4993
06:51:15	dota2	47482939	7065282	0	0	0
06:51:15	Tunnel	21462729	69497796	17591	7555	1159595
06:51:25	steam_osx	418581	89269	6132	0	4993
06:51:25	dota2	48020563	7119752	0	0	0
06:51:25	Tunnel	22038399	69347129	17591	7555	1159595
06:51:35	steam_osx	418581	89269	6132	0	4993
06:51:35	dota2	48566745	7175151	0	0	0
06:51:35	Tunnel	22626493	69424710	17591	7555	1159595
06:51:45	steam_osx	418781	89323	6132	0	4993
06:51:45	dota2	49028599	7232980	0	0	0
06:51:45	Tunnel	23150676	69520625	17591	7555	1159595
06:51:56	steam_osx	419662	89745	6132	0	4993
06:51:56	dota2	49543709	7300220	0	0	0
06:51:56	Tunnel	23673772	69576694	17591	7555	1159595
06:52:06	steam_osx	420231	89745	6132	0	4993
06:52:06	dota2	50000697	7419495	0	0	0
06:52:06	Tunnel	24173796	69718627	17591	7555	1159595
06:52:16	steam_osx	420325	89799	6132	0	4993
06:52:16	dota2	50487193	7489561	0	0	0
06:52:16	Tunnel	24705699	69807804	17591	7555	1159595
06:52:26	steam_osx	420906	89799	6132	0	4993
06:52:26	dota2	50959523	7553849	0	0	0
06:52:26	Tunnel	25214473	70140391	17591	7555	1161598
06:52:36	steam_osx	420906	89853	6132	0	4993
06:52:36	dota2	51422615	7611082	0	0	0
06:52:36	Tunnel	25724753	70381559	17591	7555	1161598
06:52:46	steam_osx	420906	89853	6132	0	4993
06:52:46	dota2	51926714	7663932	0	0	0
06:52:46	Tunnel	26269906	70448431	17591	7555	1161598
06:52:56	steam_osx	420906	89853	6132	0	4993
06:52:56	dota2	52400902	7721689	0	0	0
06:52:56	Tunnel	26787714	70525332	17591	7555	1161598
06:53:06	steam_osx	421704	90329	6132	0	4993
06:53:06	dota2	52911247	7786006	0	0	0
06:53:06	Tunnel	27339997	70614498	17591	7555	1161598
06:53:17	steam_osx	422843	90329	6132	0	4993
06:53:17	dota2	53441904	7839002	0	0	0
06:53:17	Tunnel	27915435	70683222	17591	7555	1161598
06:53:27	steam_osx	423053	90329	6132	0	4993
06:53:27	dota2	53939174	7888564	0	0	0
06:53:27	Tunnel	28448379	70741200	17591	7555	1161598
06:53:37	steam_osx	424000	90383	6132	0	4993
06:53:37	dota2	54433657	7935909	0	0	0
06:53:37	Tunnel	28985921	70811699	17591	7555	1161598
06:53:47	steam_osx	424389	90383	6132	0	4993
06:53:47	dota2	55008682	7984749	0	0	0
06:53:47	Tunnel	29593486	70831633	17591	7555	1161783
06:53:57	steam_osx	424389	90383	6132	0	4993
06:53:57	dota2	55471313	8050907	0	0	0
06:53:57	Tunnel	30080785	70903765	17591	7555	1161783
06:54:07	steam_osx	424389	90437	6132	0	4993
06:54:07	dota2	55857946	8101647	0	0	0
06:54:07	Tunnel	30500312	70975546	17591	7555	1161783
06:54:17	steam_osx	424956	90437	6132	0	4993
06:54:17	dota2	56341594	8155537	0	0	0
06:54:17	Tunnel	31017544	71044452	17591	7555	1161807
06:54:27	steam_osx	425142	90491	6132	0	4993
06:54:27	dota2	56743199	8219670	0	0	0
06:54:27	Tunnel	31450486	71120061	17591	7555	1161783
06:54:38	steam_osx	425142	90491	6132	0	4993
06:54:38	dota2	57108513	8276275	0	0	0
06:54:38	Tunnel	31854443	71465340	17591	7555	1161783
06:54:48	steam_osx	425428	90491	6132	0	4993
06:54:48	dota2	57550963	8337668	0	0	0
06:54:48	Tunnel	32357331	71688430	17591	7555	1161783
06:54:58	steam_osx	426385	90545	6132	0	4993
06:54:58	dota2	58124689	8392670	0	0	0
06:54:58	Tunnel	32968027	72011356	17591	7555	1161783
06:55:08	steam_osx	426607	90635	6132	0	4993
06:55:08	dota2	58926586	8406139	0	0	0
06:55:08	Tunnel	33928207	72135892	17591	7555	1161783
06:55:18	steam_osx	426607	90635	6132	0	4993
06:55:18	dota2	59438075	8446748	0	0	0
06:55:18	Tunnel	34516869	74933943	17591	7555	1161783
06:55:28	steam_osx	426704	90689	6132	0	4993
06:55:28	dota2	59821214	8497500	0	0	0
06:55:28	Tunnel	34999839	75153593	18439	7555	1161783
06:55:38	steam_osx	426914	90689	6132	0	4993
06:55:38	dota2	60260876	8540552	0	0	0
06:55:38	Tunnel	35458832	75977405	18439	7555	1164911
06:55:49	steam_osx	428176	91111	6132	0	4993
06:55:49	dota2	60656373	8591681	0	0	0
06:55:49	Tunnel	35875076	76926851	18439	7555	1164911
06:55:59	steam_osx	428176	91165	6132	0	4993
06:55:59	dota2	61078382	8665828	0	0	0
06:55:59	Tunnel	36342945	80172437	18439	7555	1164911
06:56:09	steam_osx	428376	91165	6132	0	4993
06:56:09	dota2	61430875	8724894	0	0	0
06:56:09	Tunnel	36706413	80265379	18439	7555	1164911
06:56:19	steam_osx	429738	91219	6132	0	4993
06:56:19	dota2	61819206	8781549	0	0	0
06:56:19	Tunnel	37132413	81670383	18439	7555	1164911
06:56:29	steam_osx	429938	91219	6132	0	4993
06:56:29	dota2	62213522	8832745	0	0	0
06:56:29	Tunnel	37548611	81881177	18439	7555	1164911
06:56:39	steam_osx	429938	91219	6132	0	4993
06:56:39	dota2	62562543	8883461	0	0	0
06:56:39	Tunnel	37935605	81946145	18439	7555	1164911
06:56:49	steam_osx	430503	91273	6132	0	4993
06:56:49	dota2	62955413	8932521	0	0	0
06:56:49	Tunnel	38368234	82026301	18439	7555	1164911
06:57:00	steam_osx	430503	91273	6132	0	4993
06:57:00	dota2	63386121	8984242	0	0	0
06:57:00	Tunnel	38826245	82082924	18439	7555	1164911
06:57:10	steam_osx	430503	91273	6132	0	4993
06:57:10	dota2	63771196	9044156	0	0	0
06:57:10	Tunnel	39240852	82154438	18439	10541	1164911
06:57:20	steam_osx	430503	91327	6132	0	4993
06:57:20	dota2	64148680	9099760	0	0	0
06:57:20	Tunnel	39654330	82229431	19106	10541	1164911
06:57:30	steam_osx	431354	91327	6132	0	4993
06:57:30	dota2	64567520	9155670	0	0	0
06:57:30	Tunnel	40126881	83560391	19106	10541	1166259
06:57:40	steam_osx	432146	91381	6132	0	4993
06:57:40	dota2	65079215	9215023	0	0	0
06:57:40	Tunnel	40693607	84777982	19138	19650	1166259
06:57:50	steam_osx	432332	91381	6132	0	4993
06:57:50	dota2	65473205	9272307	0	0	0
06:57:50	Tunnel	41134649	84908703	19138	19650	1166259
06:58:00	steam_osx	432332	91381	6132	0	4993
06:58:00	dota2	65881709	9344584	0	0	0
06:58:00	Tunnel	41568085	84982319	19138	19650	1166259
06:58:08	steam_osx	432332	91435	6132	0	4993
06:58:08	dota2	66194688	9383513	0	0	0
06:58:08	Tunnel	41916664	85138644	19138	19650	1166259
06:58:38	steam_osx	432712	91489	6132	0	4993
06:58:38	dota2	67391149	9549135	0	0	0
06:58:38	Tunnel	43286659	86787527	25450	19650	1178675
06:59:08	steam_osx	434766	92100	6132	0	4993
06:59:08	dota2	68892352	9711068	0	0	0
06:59:08	Tunnel	44917795	88288661	26958	72776	1180023
06:59:38	steam_osx	437299	93420	6132	0	5415
06:59:38	dota2	70489243	9883144	0	0	0
06:59:38	Tunnel	46663418	91357283	27028	96976	1187082
07:00:08	steam_osx	437299	93474	6132	0	5415
07:00:08	dota2	71620593	10061781	0	0	0
07:00:08	Tunnel	47928737	97001257	27028	99615	1188430
07:00:38	steam_osx	437976	93528	6132	0	5415
07:00:38	dota2	72944133	10233774	0	0	0
07:00:38	Tunnel	36510557	96378075	26138	102532	1188430
07:01:09	steam_osx	439246	94058	6132	0	5469
07:01:09	dota2	74393323	10406322	0	0	0
07:01:09	Tunnel	38105798	98174874	27532	113863	1193662
07:01:39	steam_osx	441076	94534	6132	0	5469
07:01:39	dota2	75727492	10570798	0	0	0
07:01:39	Tunnel	39549748	98403145	27739	113863	1193662
07:02:09	steam_osx	441268	94588	6132	0	5469
07:02:09	dota2	77088599	10759250	0	0	0
07:02:09	Tunnel	41006398	99916411	27739	125214	1199463
07:02:39	steam_osx	442410	94642	6132	0	5469
07:02:39	dota2	78542892	10935258	0	0	0
07:02:39	Tunnel	42593600	101406629	27739	125214	1198115
07:03:09	steam_osx	442892	94696	6132	0	5469
07:03:09	dota2	79917842	11108373	0	0	0
07:03:09	Tunnel	44109857	104697602	27739	125214	1198139
07:03:39	steam_osx	442892	94750	6132	0	5469
07:03:39	dota2	81238719	11281294	0	0	0
07:03:39	Tunnel	45537799	104969469	27739	125214	1198115
07:04:09	steam_osx	445877	95226	6132	0	5469
07:04:09	dota2	82937141	11471886	0	0	0
07:04:09	Tunnel	47350159	105195762	27739	125214	1198115
07:04:39	steam_osx	446634	95280	6132	0	5469
07:04:39	dota2	84232126	11633723	0	0	0
07:04:39	Tunnel	48754184	108272592	27739	125214	1231311
07:05:09	steam_osx	448228	95846	6132	0	5469
07:05:09	dota2	85804294	11810893	0	0	0
07:05:09	Tunnel	50461442	110044451	27739	125214	1231311
07:05:40	steam_osx	448228	95900	6132	0	5469
07:05:40	dota2	87193036	11988793	0	0	0
07:05:40	Tunnel	51954632	111933871	27739	125214	1315511
07:06:10	steam_osx	451681	105026	6132	0	5469
07:06:10	dota2	88679566	12144429	0	0	0
07:06:10	Tunnel	36902463	109811660	26605	122866	1314354
07:06:40	steam_osx	452360	105080	6132	0	5469
07:06:40	dota2	90105502	12303984	0	0	0
07:06:40	Tunnel	38429386	110063601	31578	122866	1341048
07:07:10	steam_osx	453316	105188	6132	0	5469
07:07:10	dota2	91602038	12455287	0	0	0
07:07:10	Tunnel	39998326	110241017	31578	122866	1341048
07:07:40	steam_osx	456114	105610	6132	0	5469
07:07:40	dota2	93174482	12614618	0	0	0
07:07:40	Tunnel	41060593	87845884	30127	122866	776945
07:08:10	steam_osx	488599	111793	6332	0	5469
07:08:10	dota2	93936441	12733979	0	0	0
07:08:10	Tunnel	41968281	91109790	30231	122866	777128
07:08:40	steam_osx	583010	112666	6332	0	5469
07:08:40	dota2	93941116	12740779	0	0	0
07:08:40	Tunnel	42055760	94068703	31454	122866	780139
07:09:10	steam_osx	478126	111179	6332	0	5469
07:09:10	dota2	93941116	12740779	0	0	0
07:09:10	Tunnel	0	5655	0	0	0
07:09:41	steam_osx	480086	112857	6332	0	5469
07:09:41	dota2	93941116	12740779	0	0	0
07:09:41	Tunnel	52633	67908	0	0	0
07:10:11	steam_osx	480538	113063	6332	0	5469
07:10:11	dota2	93941116	12740779	0	0	0
07:10:11	Tunnel	103325	143527	387	0	0
07:10:41	steam_osx	480631	113117	6332	0	5469
07:10:41	dota2	93941116	12740779	0	0	0
07:10:41	Tunnel	90956	1650475	636	0	0
07:11:11	steam_osx	481675	113323	6332	0	5469
07:11:11	dota2	93941116	12740779	0	0	0
07:11:11	Tunnel	112752	775154	388	0	0
07:11:41	steam_osx	480857	113180	6332	0	5469
07:11:41	dota2	93941116	12740779	0	0	0
07:11:41	Tunnel	80337	346726	388	0	47302
07:12:11	steam_osx	483115	114488	6332	0	5469
07:12:11	dota2	93941116	12740779	0	0	0
07:12:11	Tunnel	121632	416117	714	0	47302
07:12:41	steam_osx	483395	114618	6332	0	5469
07:12:41	dota2	93941116	12740779	0	0	0
07:12:41	Tunnel	103470	1962787	388	0	68400
07:13:11	steam_osx	490730	116450	6332	0	5469
07:13:11	dota2	93941116	12740779	0	0	0
07:13:11	Tunnel	136995	2047254	716	0	68400
07:13:41	steam_osx	493132	115347	6332	0	5469
07:13:41	dota2	93951048	12743929	0	0	224
07:13:41	Tunnel	177535	720175	601	0	68400
07:14:11	steam_osx	501998	117329	6332	0	5469
07:14:11	dota2	93951112	12743783	0	0	0
07:14:11	Tunnel	171880	2240047	697	0	83961
07:14:41	steam_osx	494414	116025	6332	0	5469
07:14:41	dota2	93951148	12744035	0	0	0
07:14:41	Tunnel	172279	812689	674	0	83961
07:15:11	steam_osx	494600	116155	6332	0	5469
07:15:11	dota2	93951184	12744287	0	0	0
07:15:11	Tunnel	162965	817058	700	0	83961
07:15:42	steam_osx	494684	116285	6332	0	5469
07:15:42	dota2	93951220	12744623	0	0	0
07:15:42	Tunnel	117819	336585	351	0	36659
07:16:12	steam_osx	498228	117042	6332	0	5469
07:16:12	dota2	93951256	12744875	0	0	0
07:16:12	Tunnel	122084	385487	351	0	36659
07:16:42	steam_osx	544137	122837	6529	0	5577
07:16:42	dota2	94167017	12809924	0	0	0
07:16:42	Tunnel	491674	586667	3265	0	43501
07:17:12	steam_osx	848823	125815	6529	0	5577
07:17:12	dota2	94405683	12928922	0	0	0
07:17:12	Tunnel	1109780	2243738	3265	0	43501
07:17:42	steam_osx	512783	120657	6529	0	5577
07:17:42	dota2	94587902	13056811	0	0	0
07:17:42	Tunnel	984013	2435761	1292	0	43236
07:18:12	steam_osx	515792	120747	6529	0	5577
07:18:12	dota2	94781977	13178882	0	0	0
07:18:12	Tunnel	1243380	2671637	1292	0	65979
07:18:42	steam_osx	523099	122816	6529	0	5577
07:18:42	dota2	95090627	13290871	0	0	0
07:18:42	Tunnel	1566449	2881086	1292	0	65979
07:19:12	steam_osx	545860	125904	6529	0	5577
07:19:12	dota2	95586110	13408227	0	0	0
07:19:12	Tunnel	2088474	1583024	1403	0	65979
07:19:42	steam_osx	535823	124356	6529	0	5577
07:19:42	dota2	96145043	13552098	0	0	0
07:19:42	Tunnel	2703497	1774628	1403	0	65979
07:20:13	steam_osx	535823	124410	6529	0	5577
07:20:13	dota2	96621607	13713365	0	0	0
07:20:13	Tunnel	3234906	1759560	1403	0	68675
07:20:43	steam_osx	535920	124464	6529	0	5577
07:20:43	dota2	97462111	13921962	0	0	0
07:20:43	Tunnel	4133406	2003379	1403	0	68675
07:21:13	steam_osx	536488	124518	6529	0	5577
07:21:13	dota2	98472421	14087947	0	0	0
07:21:13	Tunnel	5262649	3816344	1403	0	68675
07:21:43	steam_osx	537979	124626	6529	0	5577
07:21:43	dota2	99387240	14255885	0	0	0
07:21:43	Tunnel	6266598	4116992	1403	2623	70956
07:22:13	steam_osx	538862	125096	6529	0	5577
07:22:13	dota2	100419736	14423680	0	0	0
07:22:13	Tunnel	7391915	2892098	1403	2623	70956
07:22:43	steam_osx	539268	125150	6529	0	5577
07:22:43	dota2	101452584	14623578	0	0	0
07:22:43	Tunnel	8468495	3038181	1403	2623	70956
07:23:13	steam_osx	553529	127513	6529	0	5577
07:23:13	dota2	102206890	14704136	0	0	0
07:23:13	Tunnel	9311258	3172727	1403	2623	70956
07:23:44	steam_osx	558309	128837	6529	0	5577
07:23:44	dota2	102727358	14829870	0	0	0
07:23:44	Tunnel	9887337	3249243	1403	2623	70956
07:24:14	steam_osx	548860	127705	6529	0	5577
07:24:14	dota2	103773412	15004711	0	0	0
07:24:14	Tunnel	11006553	3474289	1403	2623	70956
07:24:44	steam_osx	549349	127759	6529	0	5577
07:24:44	dota2	104746244	15184412	0	0	0
07:24:44	Tunnel	3705122	3211531	736	0	67660
07:25:14	steam_osx	550064	127813	6529	0	5577
07:25:14	dota2	105882599	15449241	0	0	0
07:25:14	Tunnel	4948117	3429395	736	0	73052
07:25:44	steam_osx	550830	127867	6529	0	5577
07:25:44	dota2	106942975	15627683	0	0	0
07:25:44	Tunnel	6073625	3714892	736	0	73052
07:26:14	steam_osx	551795	128337	6529	0	5577
07:26:14	dota2	107839813	15792244	0	0	0
07:26:14	Tunnel	7033757	2262527	736	0	63616
07:26:44	steam_osx	552163	128391	6529	0	5577
07:26:44	dota2	108752160	16014958	0	0	0
07:26:44	Tunnel	7894364	2428380	736	0	63386
07:27:15	steam_osx	553082	128445	6529	0	5577
07:27:15	dota2	109739040	16210880	0	0	0
07:27:15	Tunnel	8978119	2678483	736	0	63386
07:27:45	steam_osx	553279	128553	6529	0	5577
07:27:45	dota2	110934154	16390098	0	0	0
07:27:45	Tunnel	10254552	2839497	736	0	63386
07:28:15	steam_osx	553887	128643	6529	0	5577
07:28:15	dota2	111897457	16542290	0	0	0
07:28:15	Tunnel	11316256	4692865	1382	0	64734
07:28:45	steam_osx	554962	129215	6529	0	5577
07:28:45	dota2	112895363	16745739	0	0	0
07:28:45	Tunnel	12379559	3314232	1382	0	71191
07:29:15	steam_osx	555654	129685	6529	0	5577
07:29:15	dota2	113734688	16914192	0	0	0
07:29:15	Tunnel	13304940	5351096	1382	0	75235
07:29:45	steam_osx	557238	129739	6529	0	5577
07:29:45	dota2	114920658	17108445	0	0	0
07:29:45	Tunnel	14576670	5505449	1382	0	76583
07:30:15	steam_osx	558016	129847	6529	0	5577
07:30:15	dota2	116031125	17285024	0	0	0
07:30:15	Tunnel	15792803	5423467	1382	0	72539
07:30:45	steam_osx	558700	130317	6529	0	5577
07:30:45	dota2	117117069	17448793	0	0	0
07:30:45	Tunnel	16546211	4377522	1351	0	72539
07:31:15	steam_osx	559598	130371	6529	0	5577
07:31:15	dota2	118218401	17610033	0	0	0
07:31:15	Tunnel	17744888	4601107	1351	0	72539
07:31:46	steam_osx	559969	130425	6529	0	5577
07:31:46	dota2	119182319	17772020	0	0	0
07:31:46	Tunnel	18750761	4651582	1351	0	72539
07:32:16	steam_osx	561362	130895	6529	0	5577
07:32:16	dota2	120272383	17939808	0	0	0
07:32:16	Tunnel	19924728	7191051	1351	0	712045
07:32:46	steam_osx	561735	130949	6529	0	5577
07:32:46	dota2	121286850	18138251	0	0	0
07:32:46	Tunnel	20996634	7434574	1351	0	712045
07:33:16	steam_osx	562117	131003	6529	0	5577
07:33:16	dota2	122219066	18311796	0	0	0
07:33:16	Tunnel	21970003	5356821	1351	0	72539
07:33:46	steam_osx	563539	131473	6529	0	5577
07:33:46	dota2	123257342	18488725	0	0	0
07:33:46	Tunnel	23096874	7253973	1351	0	81625
07:34:16	steam_osx	563633	131527	6529	0	5577
07:34:16	dota2	124274118	18664466	0	0	0
07:34:16	Tunnel	24205030	7589571	2457	5886	81625
07:34:46	steam_osx	564890	131998	6529	0	5577
07:34:46	dota2	125490330	18859467	0	0	0
07:34:46	Tunnel	25448035	6148718	2457	5886	81625
07:35:17	steam_osx	565297	132052	6529	0	5577
07:35:17	dota2	126362085	19020313	0	0	0
07:35:17	Tunnel	26381241	6415442	2457	5886	81625
07:35:47	steam_osx	565980	132523	6529	0	5577
07:35:47	dota2	127360446	19188542	0	0	0
07:35:47	Tunnel	27450801	8359919	2457	5886	81625
07:36:17	steam_osx	566457	132577	6529	0	5577
07:36:17	dota2	128733752	19349116	0	0	0
07:36:17	Tunnel	28940167	8625448	2457	5886	81625
07:36:47	steam_osx	566844	132631	6529	0	5577
07:36:47	dota2	129938082	19536424	0	0	0
07:36:47	Tunnel	30158197	7127718	2457	5886	81625
07:37:17	steam_osx	567526	132739	6529	0	5577
07:37:17	dota2	131021651	19701884	0	0	0
07:37:17	Tunnel	31311725	7363586	2457	5886	81625
07:37:47	steam_osx	568405	133156	6529	0	5577
07:37:47	dota2	132139832	19870371	0	0	0
07:37:47	Tunnel	32513670	7582517	2457	5886	82736
