ts,route_if,vpn_reconnect,proxy_on,wifi_rssi,wifi_noise,wifi_snr,wifi_tx_mbps,wifi_channel,dns_ms,ia_kbps,ia_code,ia_ttfb_s,cf_kbps,cf_code,en0_rx_kbps,en0_tx_kbps,tun_rx_kbps,tun_tx_kbps,docs_done
2026-09-26 01:19:35,utun28,0,0,-60,-96,36,180,48,115,44.4,206,1.526597,0.0,000,,,,,116153
2026-09-26 01:21:34,utun28,0,0,-58,-96,38,300,48,92,29.2,206,1.642382,32.6,200,509.9,33.3,493.7,16.1,117072
2026-09-26 01:23:35,utun28,0,0,-59,-96,37,300,48,124,35.6,206,2.208879,28.7,200,499.4,81.1,458.6,62.8,117713
2026-09-26 01:25:35,utun28,0,0,-57,-96,39,300,48,92,46.5,206,1.891157,41.0,200,529.3,87.3,486.6,66.1,118253
2026-09-26 01:27:34,utun28,0,0,-56,-94,38,300,48,107,48.0,206,1.526347,42.2,200,630.3,95.7,589.2,72.9,118929
2026-09-26 01:29:35,utun28,0,0,-56,-95,39,300,48,120,61.3,206,1.078796,64.1,200,620.8,97.2,600.1,75.8,119660
2026-09-26 01:31:34,utun28,0,0,-56,-96,40,300,48,425,45.2,206,1.412486,55.3,200,721.5,87.2,698.3,64.7,120648
2026-09-26 01:33:34,utun28,0,0,-55,-96,41,300,48,134,61.7,206,1.179630,61.5,200,786.7,95.7,737.8,70.6,121512
2026-09-26 01:35:34,utun28,0,0,-55,-91,36,300,48,355,57.0,206,1.141252,41.5,200,602.7,96.4,581.1,74.8,122308
2026-09-26 01:37:34,utun28,0,0,-56,-96,40,300,48,508,60.6,206,1.408406,41.6,200,852.4,122.1,814.2,95.6,123264
2026-09-26 01:39:34,utun28,0,0,-56,-97,41,300,48,109,57.3,206,1.434109,0.0,000,522.6,109.1,480.1,91.1,123961
2026-09-26 01:41:35,utun28,0,0,-56,-96,40,300,48,74,163.6,206,1.174508,212.4,200,516.8,211.3,497.3,191.2,124595
2026-09-26 01:43:34,utun28,0,0,-56,-96,40,300,48,120,140.5,206,1.241992,687.2,200,1089.5,88.2,1059.0,60.7,125958
2026-09-26 01:45:34,utun28,0,0,-56,-94,38,300,48,89,197.6,206,1.150261,247.3,200,1073.4,52.8,1010.3,26.0,127443
2026-09-26 01:47:35,utun28,0,0,-56,-96,40,300,48,69,175.6,206,1.362371,246.8,200,839.0,43.8,816.3,22.5,128924
2026-09-26 01:49:35,utun28,0,0,-56,-96,40,300,48,72,171.5,206,1.141070,262.7,200,936.5,48.2,911.2,24.8,130512
2026-09-26 01:51:55,utun28,0,0,-56,-95,39,300,48,92,0.0,000,0.000000,0.0,000,392.7,21.3,380.3,11.0,131190
2026-09-26 01:54:04,utun28,0,0,-56,-95,39,108,48,19961,0.0,000,0.000000,0.0,000,79.6,20.1,71.7,9.2,131228
2026-09-26 01:55:51,utun28,0,0,-55,-94,39,300,48,102,56.4,206,1.559414,54.7,200,98.5,16.5,91.5,6.2,131285
2026-09-26 01:57:49,utun28,0,0,-55,-96,41,300,48,197,26.9,206,2.888157,27.4,200,142.4,23.6,130.5,14.8,131768
2026-09-26 01:59:48,utun28,0,0,-55,-96,41,300,48,975,19.2,206,2.743686,9.0,200,342.1,43.2,328.1,20.2,132256
2026-09-26 02:01:48,utun28,0,0,-55,-97,42,300,48,247,15.2,206,2.720685,17.1,200,228.0,17.5,212.4,7.1,132636
2026-09-26 02:03:48,utun28,0,0,-55,-96,41,300,48,315,21.2,206,2.681180,22.6,200,243.4,17.9,229.5,7.4,133107
2026-09-26 02:05:48,utun28,0,0,-55,-96,41,300,48,200,23.6,206,2.716512,26.2,200,294.9,21.1,282.9,8.9,133562
2026-09-26 02:07:48,utun28,0,0,-56,-96,40,300,48,449,25.1,206,2.831092,0.0,000,308.0,20.7,297.1,8.9,133908
2026-09-26 02:09:48,utun28,0,0,-56,-96,40,300,48,521,32.0,206,2.572241,34.5,200,288.1,21.3,276.3,9.2,134577
2026-09-26 02:11:48,utun28,0,0,-56,-96,40,300,48,403,38.3,206,2.069480,39.9,200,421.9,24.3,408.3,12.2,135219
2026-09-26 02:13:48,utun28,0,0,-56,-96,40,300,48,129,40.1,206,1.478563,39.4,200,481.2,26.1,466.5,13.3,135982
2026-09-26 02:15:48,utun28,0,0,-56,-96,40,300,48,153,35.4,206,2.098765,31.5,200,506.9,27.2,491.3,14.1,136688
2026-09-26 02:17:48,utun28,0,0,-56,-95,39,300,48,124,200.3,206,1.288483,50.2,200,479.1,27.4,464.0,13.1,137169
2026-09-26 02:19:48,utun28,0,0,-56,-96,40,300,48,160,36.0,206,2.155443,39.9,200,519.9,29.7,503.9,14.1,138079
2026-09-26 02:21:48,utun28,0,0,-56,-96,40,300,48,129,41.8,206,2.122675,38.9,200,510.9,27.6,495.7,14.5,138932
2026-09-26 02:23:49,utun28,0,0,-57,-96,39,300,48,127,48.6,206,1.478123,52.8,200,478.2,27.4,463.4,14.7,140010
2026-09-26 02:25:48,utun28,0,0,-56,-96,40,300,48,246,52.4,206,1.295059,50.0,200,462.2,26.6,447.6,13.6,140915
2026-09-26 02:27:48,utun28,0,0,-56,-97,41,300,48,621,41.7,206,1.773931,42.6,200,513.0,29.6,496.8,15.6,142042
2026-09-26 02:29:48,utun28,0,0,-57,-93,36,300,48,136,46.0,206,1.402323,50.4,200,469.6,40.7,454.1,26.1,142810
2026-09-26 02:31:48,utun28,0,0,-56,-96,40,300,48,171,44.9,206,1.774626,40.3,200,791.2,48.9,770.0,28.7,143273
2026-09-26 02:33:48,utun28,0,0,-57,-96,39,300,48,138,365.4,206,1.275534,573.6,200,634.0,31.7,615.6,16.1,143717
2026-09-26 02:35:49,utun28,0,0,-56,-96,40,300,48,186,36.2,206,1.579109,45.3,200,671.6,32.7,653.0,17.2,144856
2026-09-26 02:37:49,utun28,0,0,-55,-96,41,300,48,1055,22.8,206,2.401899,25.5,200,441.5,25.1,427.5,11.8,145441
2026-09-26 02:39:48,utun28,0,0,-56,-96,40,300,48,150,35.6,206,1.965352,35.2,200,355.3,22.3,341.3,9.6,145893
2026-09-26 02:42:11,utun28,0,0,-54,-96,42,300,48,411,12.8,206,1.250366,0.0,000,478.9,28.4,463.4,13.8,146242
2026-09-26 02:44:18,utun28,0,0,-52,-96,44,300,48,30003,0.0,000,0.000000,0.0,000,20.9,29.6,18.0,7.7,146242
2026-09-26 02:46:18,utun28,0,0,-56,-96,40,300,48,30003,97.1,206,1.114376,47.5,200,7.4,60.0,3.8,13.7,146820
2026-09-26 02:47:48,utun28,0,0,-56,-96,40,300,48,115,102.7,206,1.151065,92.5,200,575.7,45.0,554.4,17.8,147359
2026-09-26 02:49:48,utun28,0,0,-56,-96,40,300,48,147,95.5,206,1.567802,44.4,200,844.1,45.5,818.2,21.5,148648
2026-09-26 02:51:48,utun28,0,0,-56,-96,40,300,48,133,71.9,206,1.305354,77.1,200,759.9,41.3,736.1,19.0,149615
2026-09-26 02:53:48,utun28,0,0,-56,-96,40,300,48,111,92.4,206,1.110017,73.3,200,733.7,40.0,711.8,19.2,150653
2026-09-26 02:55:48,utun28,0,0,-57,-96,39,300,48,161,69.0,206,1.271759,223.0,200,752.8,40.2,729.5,19.2,151665
2026-09-26 02:57:48,utun28,0,0,-56,-96,40,300,48,145,52.5,206,1.504100,53.2,200,668.9,36.4,648.3,17.5,152804
2026-09-26 02:59:48,utun28,0,0,-56,-97,41,300,48,152,88.2,206,2.485041,75.9,200,688.4,37.9,666.9,18.6,153874
2026-09-26 03:01:48,utun28,0,0,-57,-96,39,300,48,141,90.2,206,1.806033,88.2,200,664.3,37.7,643.7,17.8,154900
2026-09-26 03:03:48,utun28,0,0,-56,-96,40,300,48,117,345.2,206,1.158604,91.9,200,939.6,50.1,910.5,24.7,156255
2026-09-26 03:05:48,utun28,0,0,-56,-96,40,300,48,178,96.5,206,1.520898,91.2,200,916.3,47.9,888.4,23.1,157680
2026-09-26 03:07:48,utun28,0,0,-56,-97,41,300,48,151,51.0,206,1.419155,34.7,200,759.1,40.9,735.5,19.9,158974
2026-09-26 03:09:48,utun28,0,0,-56,-96,40,300,48,282,53.7,206,1.413601,54.2,200,617.3,33.8,597.5,16.6,159889
2026-09-26 03:11:49,utun28,0,0,-56,-96,40,300,48,134,42.3,206,1.388289,66.9,200,703.8,36.4,682.4,18.7,160896
2026-09-26 03:13:48,utun28,0,0,-56,-96,40,300,48,133,355.3,206,1.251156,892.2,200,741.3,38.9,719.1,19.5,161715
2026-09-26 03:15:48,utun28,0,0,-56,-96,40,300,48,189,48.2,206,1.651485,46.7,200,682.1,36.1,661.5,18.2,163136
2026-09-26 03:17:48,utun28,0,0,-56,-96,40,300,48,151,54.1,206,1.291696,54.0,200,706.8,36.1,685.1,19.0,164076
2026-09-26 03:19:48,utun28,0,0,-56,-96,40,300,48,110,60.9,206,1.259433,64.7,200,771.3,39.4,748.1,20.2,165106
2026-09-26 03:21:48,utun28,0,0,-56,-96,40,300,48,362,321.8,206,1.221965,193.9,200,766.3,62.8,742.2,39.6,166055
2026-09-26 03:23:48,utun28,0,0,-56,-97,41,300,48,143,283.6,206,1.194295,77.8,200,789.3,41.5,765.7,20.6,167359
2026-09-26 03:25:48,utun28,0,0,-56,-96,40,300,48,126,377.3,206,1.232615,74.1,200,938.1,47.4,910.9,24.1,168824
2026-09-26 03:27:48,utun28,0,0,-56,-96,40,300,48,311,426.1,206,1.207383,120.3,200,1127.9,54.0,1095.2,27.7,170413
2026-09-26 03:29:48,utun28,0,0,-56,-96,40,300,48,134,56.7,206,1.302572,65.2,200,928.3,46.7,900.8,23.3,172038
2026-09-26 03:31:49,utun28,0,0,-57,-96,39,300,48,246,115.0,206,1.369145,334.7,200,912.9,44.9,886.1,23.0,173157
2026-09-26 03:33:48,utun28,0,0,-56,-96,40,300,48,101,141.9,206,1.672278,75.7,200,1074.9,52.5,1042.6,26.5,174776
2026-09-26 03:35:48,utun28,0,0,-56,-96,40,300,48,107,48.8,206,2.169541,177.9,200,763.8,41.2,741.7,19.4,175835
2026-09-26 03:37:48,utun28,0,0,-56,-96,40,300,48,128,231.6,206,1.100199,108.6,200,1097.1,49.9,1064.8,26.2,177274
2026-09-26 03:39:48,utun28,0,0,-57,-96,39,300,48,113,302.1,206,1.234009,247.1,200,1071.0,50.8,1038.4,26.6,178700
2026-09-26 03:41:48,utun28,0,0,-57,-96,39,300,48,129,98.2,206,1.192301,573.8,200,1133.8,53.7,1101.6,28.5,180406
2026-09-26 03:43:49,utun28,0,0,-56,-96,40,300,48,117,229.3,206,1.224125,478.7,200,1202.2,56.3,1168.4,29.6,181964
2026-09-26 03:45:48,utun28,0,0,-56,-96,40,300,48,117,369.1,206,1.443132,355.0,200,1076.1,50.1,1045.5,26.5,183580
2026-09-26 03:47:48,utun28,0,0,-56,-96,40,300,48,131,354.3,206,1.159937,419.3,200,1055.6,48.8,1024.9,26.3,185265
2026-09-26 03:49:48,utun28,0,0,-56,-96,40,300,48,142,329.2,206,1.176768,245.5,200,1182.6,53.6,1148.0,29.0,187104
2026-09-26 03:51:48,utun28,0,0,-56,-96,40,300,48,231,310.4,206,1.181659,903.6,200,1188.3,53.7,1153.5,29.2,188897
2026-09-26 03:53:48,utun28,0,0,-56,-96,40,300,48,74,77.3,206,1.145367,192.7,200,1088.6,51.8,1057.9,27.3,190663
2026-09-26 03:55:48,utun28,0,0,-56,-97,41,300,48,74,96.3,206,1.213728,747.8,200,1017.1,49.0,987.6,25.8,192224
2026-09-26 03:57:48,utun28,0,0,-56,-96,40,300,48,99,115.7,206,1.207325,165.2,200,1107.7,52.7,1076.9,27.2,193718
2026-09-26 03:59:48,utun28,0,0,-56,-95,39,300,48,138,161.7,206,1.199901,170.6,200,973.0,47.2,944.5,24.7,195175
2026-09-26 04:01:48,utun28,0,0,-57,-96,39,300,48,170,282.5,206,1.420708,146.8,200,839.7,43.6,816.1,22.3,196536
2026-09-26 04:03:48,utun28,0,0,-56,-96,40,300,48,77,126.7,206,1.777757,208.9,200,984.2,49.2,956.4,24.5,197814
2026-09-26 04:05:48,utun28,0,0,-56,-96,40,300,48,92,388.7,206,1.115304,76.7,200,1156.3,53.9,1123.4,28.4,199625
2026-09-26 04:07:48,utun28,0,0,-56,-96,40,300,48,232,329.2,206,1.160113,167.3,200,1095.2,51.0,1064.7,27.1,201167
2026-09-26 04:09:49,utun28,0,0,-56,-95,39,300,48,113,264.1,206,1.275475,316.3,200,1092.3,50.5,1060.5,27.7,203025
2026-09-26 04:11:49,utun28,0,0,-56,-96,40,300,48,80,66.5,206,1.670772,228.6,200,1015.2,72.1,984.8,44.9,204985
2026-09-26 04:13:49,utun28,0,0,-56,-96,40,300,48,103,363.2,206,1.266194,956.6,200,1037.6,50.9,1007.6,27.9,206681
2026-09-26 04:15:49,utun28,0,0,-57,-96,39,300,48,220,191.3,206,1.175341,654.0,200,932.9,46.6,904.3,24.9,208379
2026-09-26 04:17:49,utun28,0,0,-56,-96,40,300,48,135,40.8,206,2.193084,35.3,200,935.6,46.2,908.7,24.2,210189
2026-09-26 04:19:49,utun28,0,0,-56,-97,41,300,48,108,135.7,206,1.162684,268.0,200,625.5,35.7,606.7,17.3,210861
2026-09-26 04:21:49,utun28,0,0,-56,-96,40,300,48,77,63.5,206,1.472120,344.4,200,646.7,218.3,625.9,201.2,212009
2026-09-26 04:23:49,utun28,0,0,-56,-97,41,300,48,104,224.4,206,1.145307,64.5,200,923.4,2923.7,854.5,2834.2,213312
2026-09-26 04:25:49,utun28,0,0,-56,-96,40,300,48,72,129.3,206,1.542443,66.7,200,780.6,39.2,757.4,20.1,214440
2026-09-26 04:27:49,utun28,0,0,-56,-96,40,300,48,79,133.1,206,1.143739,133.6,200,572.8,31.1,554.5,15.9,215530
2026-09-26 04:29:49,utun28,0,0,-56,-96,40,300,48,109,96.8,206,1.221011,55.6,200,771.9,40.3,747.7,20.6,217026
2026-09-26 04:31:49,utun28,0,0,-57,-96,39,300,48,88,268.3,206,1.159618,276.1,200,610.0,37.0,591.0,19.1,217997
2026-09-26 04:33:49,utun28,0,0,-56,-96,40,270,48,72,84.4,206,1.260396,57.1,200,780.5,43.3,757.5,22.3,219707
2026-09-26 04:35:49,utun28,0,0,-56,-96,40,300,48,78,98.3,206,1.518419,101.0,200,934.9,47.7,908.7,24.2,221154
2026-09-26 04:37:49,utun28,0,0,-57,-96,39,300,48,75,303.6,206,1.185096,207.3,200,846.0,43.5,821.4,22.0,222393
2026-09-26 04:39:49,utun28,0,0,-56,-96,40,270,48,394,43.8,206,1.990768,136.1,200,781.6,41.3,759.3,20.7,223870
2026-09-26 04:41:49,utun28,0,0,-56,-96,40,300,48,231,62.9,206,1.279076,154.6,200,647.6,37.2,628.6,18.5,225002
2026-09-26 04:43:49,utun28,0,0,-56,-96,40,300,48,307,44.5,206,1.892899,160.4,200,633.5,36.0,614.9,18.1,226345
2026-09-26 04:45:49,utun28,0,0,-57,-96,39,300,48,331,52.8,206,1.213726,40.6,200,720.1,39.5,699.9,19.5,227686
2026-09-26 04:47:49,utun28,0,0,-56,-96,40,300,48,341,53.9,206,1.573175,43.5,200,671.0,37.5,651.4,18.4,228934
2026-09-26 04:49:49,utun28,0,0,-56,-96,40,300,48,80,57.4,206,2.472429,161.7,200,629.9,35.9,611.5,17.5,229797
2026-09-26 04:51:49,utun28,0,0,-56,-96,40,300,48,83,86.4,206,1.406521,329.4,200,705.8,39.2,685.3,19.6,230960
2026-09-26 04:53:49,utun28,0,0,-56,-96,40,300,48,99,128.8,206,1.902751,74.3,200,799.7,43.0,778.0,21.1,232134
2026-09-26 04:55:49,utun28,0,0,-56,-96,40,300,48,69,98.0,206,1.297540,61.5,200,707.0,38.8,687.7,18.6,233270
2026-09-26 04:57:49,utun28,0,0,-56,-96,40,300,48,75,85.1,206,1.147402,70.0,200,682.1,36.7,663.0,18.5,234541
2026-09-26 04:59:49,utun28,0,0,-56,-96,40,300,48,79,74.3,206,1.805518,104.2,200,838.7,44.4,815.3,22.3,235990
2026-09-26 05:01:49,utun28,0,0,-57,-97,40,300,48,75,170.8,206,1.557893,50.2,200,832.9,44.6,809.6,22.3,237384
2026-09-26 05:03:49,utun28,0,0,-56,-96,40,300,48,150,93.0,206,1.142336,303.6,200,856.9,66.4,833.4,42.5,238759
2026-09-26 05:05:49,utun28,0,0,-56,-96,40,300,48,83,202.8,206,1.610155,549.1,200,794.3,42.8,772.5,21.6,240106
2026-09-26 05:07:49,utun28,0,0,-56,-96,40,300,48,165,285.2,206,1.187577,71.2,200,867.5,45.4,843.4,23.3,241851
2026-09-26 05:09:49,utun28,0,0,-56,-97,41,300,48,71,118.3,206,1.169509,256.3,200,861.3,47.1,836.4,23.7,243225
2026-09-26 05:11:49,utun28,0,0,-56,-94,38,300,48,79,49.4,206,1.509620,58.1,200,813.5,43.1,790.8,21.6,244793
2026-09-26 05:13:49,utun28,0,0,-57,-96,39,300,48,74,331.9,206,1.176276,153.3,200,809.9,42.7,787.4,21.6,245853
2026-09-26 05:15:49,utun28,0,0,-56,-96,40,300,48,73,109.5,206,1.368816,78.4,200,788.0,41.1,766.2,20.5,247181
2026-09-26 05:17:49,utun28,0,0,-56,-96,40,300,48,73,58.7,206,1.195832,156.0,200,822.7,42.8,799.7,21.6,248491
2026-09-26 05:19:49,utun28,0,0,-56,-96,40,300,48,107,130.9,206,1.123701,66.6,200,781.1,41.3,758.8,20.9,249702
2026-09-26 05:21:49,utun28,0,0,-57,-96,39,300,48,226,538.3,206,1.097184,746.6,200,802.5,41.2,780.0,20.8,250631
2026-09-26 05:23:49,utun28,0,0,-56,-97,41,300,48,130,459.9,206,1.152838,128.5,200,1384.8,59.9,1345.5,33.2,252558
2026-09-26 05:25:49,utun28,0,0,-56,-96,40,300,48,69,454.0,206,1.258297,330.6,200,1274.4,55.7,1238.3,30.5,254245
2026-09-26 05:27:49,utun28,0,0,-56,-97,41,300,48,128,244.5,206,1.052588,1228.6,200,1232.8,53.5,1195.7,30.2,256024
2026-09-26 05:29:49,utun28,0,0,-56,-97,41,300,48,70,480.5,206,1.138438,567.5,200,1488.7,61.4,1444.7,34.4,257938
2026-09-26 05:31:49,utun28,0,0,-56,-95,39,300,48,69,356.6,206,1.165566,346.9,200,2076.3,76.5,2020.5,45.1,259874
2026-09-26 05:33:49,utun28,0,0,-56,-96,40,300,48,68,425.8,206,1.174118,1239.8,200,1299.1,53.1,1260.1,31.3,261758
2026-09-26 05:35:49,utun28,0,0,-56,-95,39,300,48,74,376.5,206,0.983318,601.2,200,1270.9,51.5,1232.5,30.5,263746
2026-09-26 05:37:49,utun28,0,0,-55,-95,40,300,48,69,50.2,206,1.442015,342.3,200,1039.8,43.3,1008.2,25.5,265647
2026-09-26 05:39:49,utun28,0,0,-56,-96,40,300,48,131,351.9,206,1.062029,896.1,200,1227.5,50.7,1190.1,30.0,267330
2026-09-26 05:41:49,utun28,0,0,-56,-96,40,300,48,103,364.9,206,1.143526,676.2,200,1283.9,52.3,1243.5,31.2,269245
2026-09-26 05:43:49,utun28,0,0,-56,-96,40,300,48,72,390.8,206,1.155272,418.6,200,1318.6,52.5,1277.4,31.6,271303
2026-09-26 05:45:49,utun28,0,0,-56,-96,40,300,48,227,364.8,206,1.156783,529.3,200,1611.4,61.7,1563.0,36.5,273330
2026-09-26 05:47:49,utun28,0,0,-56,-96,40,300,48,132,457.2,206,1.015229,608.5,200,1437.9,54.8,1393.2,33.5,275409
2026-09-26 05:49:49,utun28,0,0,-56,-95,39,300,48,135,400.9,206,1.120757,287.8,200,1422.5,53.2,1378.7,32.6,277382
2026-09-26 05:51:49,utun28,0,0,-56,-95,39,300,48,98,355.1,206,1.024366,416.5,200,1460.5,56.4,1415.8,33.7,279380
2026-09-26 05:53:49,utun28,0,0,-56,-96,40,300,48,128,321.0,206,1.073499,480.6,200,1504.9,75.9,1457.5,53.9,281519
2026-09-26 05:55:49,utun28,0,0,-56,-97,41,300,48,101,386.5,206,1.264641,289.0,200,1410.3,53.3,1366.5,33.9,283625
2026-09-26 05:57:49,utun28,0,0,-56,-96,40,300,48,154,351.7,206,1.161226,689.0,200,1486.2,54.3,1440.1,34.5,285714
2026-09-26 05:59:49,utun28,0,0,-56,-95,39,300,48,99,405.7,206,1.313569,886.5,200,1489.6,53.3,1442.5,34.5,287822
2026-09-26 06:01:49,utun28,0,0,-56,-96,40,300,48,108,392.4,206,1.035054,1232.3,200,1291.6,47.3,1250.1,31.1,289964
2026-09-26 06:03:49,utun28,0,0,-56,-96,40,300,48,109,57.0,206,1.417964,55.3,200,784.2,35.7,758.4,20.8,291520
2026-09-26 06:05:49,utun28,0,0,-56,-95,39,300,48,136,84.4,206,1.441894,114.9,200,638.9,37.8,617.5,19.3,292560
2026-09-26 06:07:49,utun28,0,0,-56,-96,40,300,48,100,323.4,206,1.092998,311.9,200,882.2,43.3,853.4,23.4,294037
2026-09-26 06:09:49,utun28,0,0,-56,-97,41,300,48,101,315.3,206,1.036721,401.6,200,1378.8,54.5,1335.2,32.4,296108
2026-09-26 06:11:49,utun28,0,0,-56,-97,41,300,48,101,357.1,206,1.096314,633.4,200,1947.1,71.0,1889.9,41.3,297896
2026-09-26 06:13:49,utun28,0,0,-56,-97,41,300,48,114,382.1,206,1.138658,305.3,200,1661.3,60.5,1610.5,36.6,299721
2026-09-26 06:15:49,utun28,0,0,-57,-97,40,300,48,104,368.3,206,1.070188,448.0,200,1598.8,59.5,1551.6,35.8,301647
2026-09-26 06:17:49,utun28,0,0,-57,-94,37,300,48,99,427.0,206,1.183798,913.1,200,1174.9,46.6,1137.8,29.1,303672
2026-09-26 06:19:49,utun28,0,0,-56,-97,41,300,48,100,342.4,206,1.131041,916.4,200,1254.5,48.0,1215.3,29.7,305472
2026-09-26 06:21:49,utun28,0,0,-56,-96,40,300,48,113,377.8,206,1.039298,773.8,200,1281.3,46.6,1241.6,29.4,307168
2026-09-26 06:23:49,utun28,0,0,-56,-96,40,300,48,99,343.6,206,1.200916,1147.0,200,1436.0,51.2,1392.9,33.0,309044
2026-09-26 06:25:49,utun28,0,0,-56,-97,41,300,48,156,428.3,206,1.182648,947.9,200,2540.0,82.5,2467.9,50.2,310570
2026-09-26 06:27:49,utun28,0,0,-56,-97,41,300,48,99,360.9,206,1.110609,646.0,200,1284.0,46.5,1244.0,30.8,312679
2026-09-26 06:29:49,utun28,0,0,-57,-96,39,300,48,100,528.4,206,1.036189,890.3,200,1310.3,46.2,1268.7,31.4,314840
2026-09-26 06:31:49,utun28,0,0,-56,-97,41,300,48,100,426.3,206,1.156341,1146.2,200,1558.3,52.7,1509.8,35.0,316743
2026-09-26 06:33:49,utun28,0,0,-56,-97,41,300,48,100,498.0,206,1.018075,832.2,200,1845.7,60.4,1789.6,39.9,318708
2026-09-26 06:35:49,utun28,0,0,-56,-96,40,300,48,102,502.9,206,1.139511,1423.8,200,1785.5,56.6,1732.7,37.7,320421
2026-09-26 06:37:49,utun28,0,0,-56,-97,41,300,48,104,556.0,206,1.013639,123.8,200,1943.9,61.8,1886.5,40.8,322277
2026-09-26 06:39:49,utun28,0,0,-56,-97,41,270,48,102,76.5,206,1.134634,1183.7,200,2095.6,70.6,2034.4,43.7,323937
2026-09-26 06:41:49,utun28,0,0,-57,-97,40,300,48,171,42.9,206,1.850853,76.1,200,2224.9,74.1,2161.5,46.0,325804
2026-09-26 06:43:49,utun28,0,0,-56,-96,40,300,48,102,36.7,206,1.931335,1001.4,200,1328.2,48.8,1288.8,30.1,326886
2026-09-26 06:45:49,utun28,0,0,-57,-97,40,300,48,105,536.5,206,1.027544,773.6,200,1147.0,64.4,1113.0,46.2,327744
2026-09-26 06:47:49,utun28,0,0,-56,-96,40,300,48,128,543.2,206,0.993818,37.0,200,977.5,39.4,949.5,23.2,329013
2026-09-26 06:49:49,utun28,0,0,-56,-96,40,300,48,203,453.7,206,1.048977,42.1,200,762.6,32.6,740.2,18.0,329651
2026-09-26 06:51:49,utun28,0,0,-56,-96,40,300,48,710,38.6,206,1.873985,34.8,200,727.2,36.0,704.2,19.3,330473
2026-09-26 06:53:49,utun28,0,0,-56,-97,41,300,48,442,34.0,206,1.834145,36.3,200,550.7,29.9,533.5,15.0,330717
2026-09-26 06:55:49,utun28,0,0,-56,-96,40,300,48,113,32.2,206,1.809634,29.9,200,591.9,28.6,574.3,13.9,330881
2026-09-26 06:57:49,utun28,0,0,-56,-96,40,300,48,136,31.7,206,2.400720,31.4,200,482.3,25.0,466.2,11.9,331028
2026-09-26 06:59:49,utun28,0,0,-56,-96,40,300,48,108,31.8,206,2.203658,29.8,200,557.8,27.1,541.0,13.2,331148
2026-09-26 07:01:49,utun28,0,0,-55,-96,41,300,48,423,20.0,206,2.358195,29.6,200,475.8,25.2,460.5,11.1,331262
2026-09-26 07:03:49,utun28,0,0,-56,-96,40,300,48,173,37.5,206,2.212833,37.3,200,462.8,25.1,446.5,10.6,331411
2026-09-26 07:05:49,utun28,0,0,-56,-96,40,300,48,182,41.8,206,1.399719,45.7,200,514.7,24.8,500.1,11.2,331469
2026-09-26 07:07:49,utun28,0,0,-55,-97,42,300,48,81,90.5,206,1.197839,143.3,200,517.3,25.7,503.2,11.9,331521
2026-09-26 07:09:49,utun28,0,0,-55,-96,41,300,48,98,282.4,206,1.253246,80.1,200,458.6,21.1,447.1,9.2,331539
2026-09-26 07:11:49,utun28,0,0,-57,-96,39,300,48,83,220.6,206,1.085663,267.2,200,713.2,28.0,697.2,14.2,331546
2026-09-26 07:13:49,utun28,0,0,-56,-96,40,300,48,80,65.5,206,2.454492,912.6,200,1323.6,40.4,1291.1,24.1,331573
2026-09-26 07:15:49,utun28,0,0,-50,-96,46,300,48,160,96.6,206,1.651974,1088.2,200,1143.6,31.1,1115.7,20.4,331574
2026-09-26 07:17:49,utun28,0,0,-50,-96,46,300,48,226,219.3,206,1.225220,1438.4,200,289.8,9.6,281.8,6.6,331574
2026-09-26 07:19:49,utun28,0,0,-50,-97,47,300,48,77,445.2,206,1.061126,468.5,200,673.1,20.8,656.7,13.3,331652
2026-09-26 07:21:49,utun28,0,0,-50,-96,46,300,48,69,409.5,206,1.309469,180.2,200,118.1,6.1,114.0,3.8,331652
2026-09-26 07:23:49,utun28,0,0,-50,-96,46,300,48,70,470.3,206,1.190867,1505.9,200,26.5,2.6,25.2,1.6,331652
2026-09-26 07:25:49,utun28,0,0,-50,-97,47,300,48,74,471.7,206,1.203724,1485.4,200,366.1,12.0,357.8,7.3,331652
2026-09-26 07:27:49,utun28,0,0,-50,-96,46,300,48,131,501.3,206,1.118184,1559.8,200,183.9,6.1,179.5,3.9,331652
2026-09-26 07:29:49,utun28,0,0,-54,-96,42,300,48,110,429.6,206,1.305001,1308.1,200,28.2,1.9,27.0,1.2,331652
2026-09-26 07:31:49,utun28,0,0,-50,-97,47,300,48,82,436.6,206,1.192885,1263.4,200,288.9,8.6,282.3,6.1,331652
2026-09-26 07:33:49,utun28,0,0,-50,-96,46,300,48,63,486.4,206,1.158128,1453.1,200,262.2,8.1,255.7,5.5,331652
2026-09-26 07:35:49,utun28,0,0,-55,-96,41,300,48,81,188.4,206,1.073257,1168.8,200,108.3,18.9,105.1,22.3,331652
2026-09-26 07:37:49,utun28,0,0,-50,-96,46,300,48,84,188.8,206,1.135888,1090.0,200,376.4,49.7,366.8,39.3,331652
2026-09-26 07:39:49,utun28,0,0,-50,-96,46,270,48,273,433.6,206,1.350863,2104.6,200,447.4,13.1,437.2,9.0,331652
2026-09-26 07:41:49,utun28,0,0,-50,-96,46,270,48,65,442.9,206,1.201625,2066.7,200,188.0,7.7,182.4,5.0,331652
2026-09-26 07:43:49,utun28,0,0,-50,-96,46,300,48,73,367.4,206,1.582105,102.2,200,28.8,2.5,27.5,1.7,331652
2026-09-26 07:45:50,utun28,0,0,-56,-97,41,300,48,82,467.3,206,1.177437,97.4,200,1196.5,35.8,1170.4,23.0,331840
2026-09-26 07:47:50,utun28,0,0,-57,-97,40,300,48,90,399.8,206,1.186047,43.8,200,4999.4,140.6,4890.2,89.3,332130
2026-09-26 07:49:49,utun28,0,0,-55,-96,41,300,48,75,45.0,206,1.669328,75.8,200,4303.4,117.0,4208.5,76.8,332541
2026-09-26 07:51:49,utun28,0,0,-57,-97,40,300,48,77,55.5,206,1.947249,50.1,200,2916.9,80.1,2848.4,53.1,333012
2026-09-26 07:53:50,utun28,0,0,-56,-97,41,300,48,71,40.6,206,1.750253,45.7,200,2649.3,75.1,2588.7,49.2,333368
2026-09-26 07:55:49,utun28,0,0,-56,-97,41,300,48,274,29.3,206,2.264818,28.0,200,2701.9,79.3,2638.5,49.6,333694
2026-09-26 07:57:49,utun28,0,0,-56,-96,40,300,48,78,19.6,206,3.170483,20.3,200,1678.2,56.1,1636.6,32.6,333999
2026-09-26 07:59:49,utun28,0,0,-56,-96,40,300,48,96,473.9,206,1.361189,1278.7,200,746.6,30.8,720.9,16.3,334143
2026-09-26 08:01:49,utun28,0,0,-56,-96,40,300,48,129,23.6,206,2.572359,32.2,200,1406.6,48.8,1370.0,28.8,334818
2026-09-26 08:03:49,utun28,0,0,-57,-97,40,300,48,98,51.2,206,2.113741,1849.2,200,4341.9,131.3,4245.3,79.5,335070
2026-09-26 08:05:49,utun28,0,0,-56,-96,40,300,48,102,38.5,206,1.759463,38.8,200,3013.0,98.1,2943.7,57.7,335411
2026-09-26 08:07:49,utun28,0,0,-56,-96,40,300,48,74,433.2,206,1.239444,24.8,200,1354.4,49.4,1320.3,27.9,335625
2026-09-26 08:09:49,utun28,0,0,-56,-94,38,300,48,68,472.4,206,1.330837,982.0,200,578.6,27.7,560.6,13.3,335785
2026-09-26 08:11:49,utun28,0,0,-56,-96,40,300,48,67,527.0,206,1.131587,1074.1,200,682.2,30.8,661.8,16.2,336384
2026-09-26 08:13:50,utun28,0,0,-57,-96,39,300,48,68,42.1,206,1.678285,44.6,200,1869.0,65.3,1820.6,37.9,336929
2026-09-26 08:15:49,utun28,0,0,-56,-97,41,300,48,76,484.5,206,1.103166,1661.3,200,1535.9,48.1,1495.3,28.2,337023
2026-09-26 08:17:49,utun28,0,0,-56,-96,40,300,48,105,478.6,206,1.224251,813.6,200,1484.7,48.3,1445.1,27.9,337144
2026-09-26 08:19:50,utun28,0,0,-56,-97,41,300,48,69,418.4,206,1.063424,1243.3,200,1780.1,56.7,1731.0,32.9,337282
2026-09-26 08:21:49,utun28,0,0,-56,-97,41,300,48,73,456.7,206,1.165083,1377.6,200,1208.2,41.7,1174.7,23.4,337410
2026-09-26 08:23:49,utun28,0,0,-57,-96,39,300,48,91,539.2,206,1.055625,29.9,200,1102.1,39.3,1071.6,22.0,337563
2026-09-26 08:25:50,utun28,0,0,-56,-96,40,300,48,68,434.1,206,1.191202,26.3,200,1147.9,38.8,1115.0,21.9,337681
2026-09-26 08:27:49,utun28,0,0,-57,-96,39,300,48,73,42.8,206,1.572135,50.7,200,893.7,57.0,867.8,38.2,337788
2026-09-26 08:29:50,utun28,0,0,-57,-96,39,300,48,74,44.9,206,1.539273,42.6,200,1078.7,58.6,1049.8,41.9,337920
2026-09-26 08:31:49,utun28,0,0,-56,-97,41,300,48,72,387.7,206,1.224286,38.4,200,1315.7,41.3,1279.7,24.8,338048
2026-09-26 08:33:50,utun28,0,0,-56,-97,41,300,48,71,34.8,206,1.921746,25.0,200,1163.8,39.7,1131.2,22.5,338222
2026-09-26 08:35:50,utun28,0,0,-56,-96,40,300,48,134,522.7,206,1.112199,517.7,200,1099.5,38.6,1068.8,21.4,338278
2026-09-26 08:37:49,utun28,0,0,-56,-96,40,300,48,70,496.0,206,1.225908,1189.7,200,993.7,36.8,967.5,20.0,338381
2026-09-26 08:39:50,utun28,0,0,-57,-94,37,300,48,121,520.1,206,1.082968,804.7,200,1086.7,40.2,1056.6,21.9,338500
2026-09-26 08:41:50,utun28,0,0,-56,-96,40,300,48,78,462.0,206,1.198822,692.3,200,1323.9,47.4,1287.9,25.7,338643
2026-09-26 08:43:50,utun28,0,0,-56,-94,38,300,48,69,440.0,206,1.228074,1087.6,200,1447.6,48.6,1409.2,27.9,338797
2026-09-26 08:45:50,utun28,0,0,-56,-97,41,300,48,80,473.5,206,1.164848,969.8,200,1599.9,54.4,1558.5,30.6,338976
2026-09-26 08:47:49,utun28,0,0,-57,-94,37,300,48,105,470.4,206,1.361243,833.7,200,1625.9,52.1,1583.6,31.1,339147
2026-09-26 08:49:50,utun28,0,0,-57,-96,39,300,48,595,510.1,206,1.045223,763.1,200,1769.6,56.9,1725.7,33.7,339377
2026-09-26 08:51:50,utun28,0,0,-56,-95,39,300,48,117,389.7,206,1.110162,644.0,200,2729.7,80.1,2664.1,49.9,339613
2026-09-26 08:53:50,utun28,0,0,-57,-97,40,300,48,134,313.1,206,1.115794,740.7,200,2839.1,80.3,2771.2,52.9,339877
2026-09-26 08:55:50,utun28,0,0,-57,-96,39,300,48,100,390.2,206,1.323554,1111.9,200,2370.2,69.6,2313.5,44.2,340062
2026-09-26 08:57:50,utun28,0,0,-56,-96,40,300,48,115,83.3,206,1.481510,1502.9,200,2312.1,70.6,2254.3,43.7,340346
2026-09-26 08:59:50,utun28,0,0,-57,-96,39,300,48,105,440.7,206,1.104545,402.3,200,2273.3,68.8,2212.0,43.5,341043
2026-09-26 09:01:50,utun28,0,0,-56,-96,40,300,48,100,107.6,206,1.145321,250.2,200,3188.8,99.8,3106.5,59.2,341695
2026-09-26 09:03:50,utun28,0,0,-57,-96,39,300,48,135,291.9,206,1.134803,223.1,200,4478.3,134.1,4378.2,81.0,341861
2026-09-26 09:05:50,utun28,0,0,,,,,,117,377.2,206,1.119065,746.9,200,4451.6,134.1,4353.3,80.0,342039
2026-09-26 09:07:50,utun28,0,0,-57,-97,40,300,48,134,281.4,206,1.170517,840.6,200,4135.2,123.7,4043.1,75.0,342133
2026-09-26 09:09:50,utun28,0,0,-57,-95,38,300,48,97,292.1,206,1.072597,670.3,200,1622.3,48.5,1583.7,30.2,342260
2026-09-26 09:11:50,utun28,0,0,-56,-97,41,300,48,126,398.6,206,1.252258,35.7,200,2185.7,65.6,2131.5,41.1,342379
2026-09-26 09:13:50,utun28,0,0,-56,-97,41,300,48,164,441.4,206,1.119250,837.1,200,1295.7,42.3,1261.2,24.8,342472
2026-09-26 09:15:50,utun28,0,0,-56,-96,40,300,48,351,27.2,206,2.530368,791.7,200,1160.8,38.0,1127.9,21.6,342630
2026-09-26 09:17:50,utun28,0,0,-56,-96,40,300,48,127,514.5,206,1.011631,23.2,200,1202.2,41.0,1168.5,23.0,342744
2026-09-26 09:19:50,utun28,0,0,-56,-96,40,300,48,138,20.0,206,2.597801,20.6,200,968.8,50.8,940.1,29.2,342886
2026-09-26 09:21:50,utun28,0,0,-57,-96,39,300,48,124,22.8,206,2.368983,804.2,200,1025.1,53.2,994.4,30.3,342967
2026-09-26 09:23:49,utun28,0,0,-57,-97,40,300,48,137,25.7,206,1.812784,19.0,200,1272.3,43.4,1237.8,24.6,343117
2026-09-26 09:25:50,utun28,0,0,-56,-96,40,300,48,112,20.8,206,2.533494,973.9,200,975.2,37.1,946.0,19.7,343206
2026-09-26 09:28:19,utun28,0,0,-56,-96,40,300,48,436,0.0,000,0.000000,15.4,200,1085.7,38.5,1055.6,21.1,343316
2026-09-26 09:29:50,utun28,0,0,-56,-97,41,300,48,706,16.4,206,2.901508,1890.9,200,862.9,32.9,835.8,17.3,343379
2026-09-26 09:31:50,utun28,0,0,-56,-97,41,300,48,719,21.2,206,6.782491,20.2,200,1153.1,41.6,1120.8,22.2,343572
2026-09-26 09:33:50,utun28,0,0,-56,-97,41,300,48,711,480.1,206,1.174961,21.6,200,1367.7,48.8,1331.2,26.8,343660
2026-09-26 09:35:50,utun28,0,0,-56,-96,40,300,48,906,16.0,206,2.537560,1237.6,200,722.3,29.1,701.0,15.4,343896
2026-09-26 09:37:50,utun28,0,0,-56,-96,40,300,48,281,20.4,206,2.060254,34.2,200,341.8,19.5,326.0,8.7,344223
2026-09-26 09:39:50,utun28,0,0,-56,-96,40,300,48,657,23.6,206,2.256682,19.0,200,433.6,22.1,418.1,10.7,344392
2026-09-26 09:41:50,utun28,0,0,-56,-97,41,300,48,698,462.9,206,1.196228,22.2,200,393.0,22.9,378.2,9.6,344542
2026-09-26 09:43:50,utun28,0,0,-55,-95,40,300,48,856,29.3,206,2.487038,21.1,200,437.6,23.3,421.3,11.5,344986
2026-09-26 09:45:50,utun28,0,0,-56,-96,40,300,48,125,55.0,206,2.564126,75.7,200,636.4,29.1,617.4,15.3,345168
2026-09-26 09:47:50,utun28,0,0,-54,-96,42,300,48,105,54.4,206,1.436128,35.9,200,176.1,10.4,171.1,5.7,345405
2026-09-26 09:49:50,utun28,0,0,-56,-97,41,300,48,429,124.4,206,2.066419,558.8,200,515.2,29.2,497.2,16.0,345853
2026-09-26 09:51:50,utun28,0,0,-55,-96,41,300,48,141,536.9,206,1.094917,854.4,200,513.8,24.1,497.6,13.8,346509
2026-09-26 09:53:50,utun28,0,0,-55,-97,42,300,48,115,416.8,206,1.333365,38.1,200,744.5,33.7,722.3,19.8,348049
2026-09-26 09:55:50,utun28,0,0,-55,-96,41,300,48,83,390.4,206,1.237867,875.6,200,795.1,35.7,771.2,21.6,349054
2026-09-26 09:57:50,utun28,0,0,-55,-96,41,300,48,339,88.7,206,1.219679,126.0,200,885.6,42.7,859.3,25.7,350690
2026-09-26 09:59:50,utun28,0,0,-55,-96,41,300,48,126,364.1,206,1.283038,663.0,200,1055.4,44.4,1025.5,25.5,351977
2026-09-26 10:01:50,utun28,0,0,-57,-97,40,300,48,168,340.6,206,1.197993,38.1,200,1566.1,59.4,1524.5,33.6,353314
2026-09-26 10:03:50,utun28,0,0,-57,-97,40,300,48,101,411.4,206,1.121676,385.1,200,1830.4,69.5,1783.5,39.6,354438
2026-09-26 10:05:50,utun28,0,0,-56,-96,40,300,48,108,324.3,206,1.265126,20.8,200,1101.7,42.8,1071.2,25.6,356240
2026-09-26 10:07:50,utun28,0,0,-57,-96,39,300,48,163,227.7,206,1.350654,384.8,200,1037.6,43.0,1006.9,24.8,357182
2026-09-26 10:09:50,utun28,0,0,-56,-97,41,300,48,110,271.1,206,1.181921,288.0,200,1254.4,50.5,1217.6,28.8,358611
2026-09-26 10:11:50,utun28,0,0,-57,-96,39,300,48,143,195.1,206,1.349539,69.7,200,1136.4,68.1,1104.3,49.0,360321
2026-09-26 10:13:50,utun28,0,0,-56,-96,40,300,48,139,142.8,206,2.046293,338.5,200,858.7,40.6,834.2,21.9,361255
2026-09-26 10:15:50,utun28,0,0,-56,-96,40,300,48,94,354.7,206,1.214087,553.0,200,1170.8,48.7,1139.4,27.6,362620
2026-09-26 10:17:50,utun28,0,0,-57,-97,40,300,48,112,340.4,206,1.360075,447.4,200,1536.6,59.8,1495.7,34.0,364024
2026-09-26 10:19:50,utun28,0,0,-57,-96,39,300,48,144,37.7,206,1.688486,590.2,200,1591.8,60.6,1549.2,35.3,365718
2026-09-26 10:21:50,utun28,0,0,-57,-97,40,300,48,126,364.2,206,1.074688,390.5,200,984.7,39.5,957.2,23.6,366752
2026-09-26 10:23:50,utun28,0,0,-57,-96,39,300,48,476,314.7,206,1.198457,449.5,200,1124.9,45.4,1093.5,26.7,368078
2026-09-26 10:25:50,utun28,0,0,-58,-97,39,300,48,287,155.3,206,5.437864,498.0,200,1201.9,52.7,1167.2,31.6,369806
2026-09-26 10:27:50,utun28,0,0,-57,-96,39,300,48,132,0.0,000,0.000000,0.0,000,1463.3,54.0,1422.7,33.4,371599
2026-09-26 10:29:50,utun28,0,0,-56,-96,40,300,48,95,0.0,000,0.000000,0.0,000,360.8,17.4,350.2,10.8,371866
2026-09-26 10:31:50,utun28,0,0,-58,-96,38,300,48,95,206.4,206,1.259502,411.4,200,567.8,26.3,550.0,15.8,372805
2026-09-26 10:33:50,utun28,0,0,-58,-96,38,300,48,178,215.0,206,1.136318,264.3,200,1396.2,55.9,1357.2,33.0,374653
2026-09-26 10:35:50,utun28,0,0,-58,-96,38,300,48,108,314.7,206,1.258907,639.6,200,1109.8,49.3,1080.3,25.9,375797
2026-09-26 10:37:50,utun28,0,0,-57,-96,39,300,48,137,147.3,206,1.317159,84.7,200,1339.0,58.6,1302.7,30.3,377089
2026-09-26 10:39:50,utun28,0,0,-58,-96,38,300,48,152,262.7,206,1.091199,1080.6,200,894.2,45.6,867.9,22.9,377931
2026-09-26 10:41:50,utun28,0,0,-58,-96,38,300,48,394,380.9,206,1.343227,206.9,200,1040.9,47.0,1011.5,25.8,379535
2026-09-26 10:43:50,utun28,0,0,-57,-96,39,300,48,115,163.6,206,1.221446,180.3,200,914.8,43.2,888.3,23.5,380868
2026-09-26 10:45:50,utun28,0,0,-57,-97,40,300,48,129,60.1,206,2.020147,58.9,200,820.2,40.8,797.2,20.1,381569
2026-09-26 10:47:50,utun28,0,0,-55,-96,41,300,48,340,140.6,206,1.122699,63.6,200,697.3,36.9,677.7,17.3,382086
2026-09-26 10:49:50,utun28,0,0,-55,-96,41,300,48,145,136.8,206,1.120731,143.7,200,885.3,42.1,860.9,21.3,383045
2026-09-26 10:51:50,utun28,0,0,-55,-96,41,300,48,488,83.3,206,2.110437,120.8,200,1158.4,51.6,1126.5,26.5,384175
2026-09-26 10:53:50,utun28,0,0,-55,-96,41,300,48,99,99.4,206,1.760670,226.0,200,1082.0,49.6,1052.2,25.6,385148
2026-09-26 10:55:50,utun28,0,0,-55,-96,41,300,48,278,75.6,206,2.025492,94.0,200,1033.1,50.5,1003.2,25.5,386140
2026-09-26 10:57:50,utun28,0,0,-55,-96,41,300,48,193,46.4,206,1.570201,27.8,200,765.9,38.1,743.4,18.7,387207
2026-09-26 10:59:50,utun29,1,0,-59,-96,37,300,48,119,46.9,206,3.400716,33.5,200,472.3,29.8,,,387372
2026-09-26 11:01:50,utun29,0,0,-63,-96,33,180,48,99,34.0,206,1.797293,37.3,200,159.1,35.3,144.4,27.7,387761
2026-09-26 11:03:50,utun29,0,0,-62,-97,35,108,48,231,0.1,500,1.363467,52.5,200,634.6,241.2,612.6,217.1,388093
2026-09-26 11:05:50,utun29,0,0,-59,-95,36,180,48,89,44.3,206,1.147520,62.1,200,733.9,103.7,712.1,82.6,388682
2026-09-26 11:07:50,utun29,0,0,-60,-96,36,180,48,85,60.8,206,1.007963,73.6,200,928.8,106.9,902.7,81.9,389260
2026-09-26 11:09:50,utun29,0,0,-61,-96,35,180,48,520,52.6,206,2.384999,61.3,200,831.8,326.6,806.0,306.7,389849
2026-09-26 11:11:50,utun29,0,0,-62,-97,35,180,48,77,30.2,206,20.049227,73.6,200,952.0,210.8,921.2,174.9,390506
2026-09-26 11:13:50,utun29,0,0,-62,-96,34,180,48,103,80.2,206,1.431147,83.3,200,765.7,104.2,743.7,83.3,390994
2026-09-26 11:15:50,utun29,0,0,-59,-96,37,240,48,159,50.3,206,1.088407,62.9,200,915.3,44.0,890.2,21.3,391659
2026-09-26 11:17:50,utun29,0,0,-62,-96,34,162,48,488,62.2,206,1.806598,39.8,200,1155.0,52.5,1124.1,25.8,392494
2026-09-26 11:19:50,utun29,0,0,-58,-95,37,162,48,495,77.1,206,2.025740,117.5,200,1230.0,50.6,1198.4,28.5,393082
2026-09-26 11:21:50,utun29,0,0,-58,-97,39,180,48,171,63.4,206,1.787644,94.3,200,1303.4,286.5,1262.9,256.6,393763
2026-09-26 11:23:50,utun29,0,0,-56,-96,40,240,48,103,72.8,206,1.359921,54.7,200,854.3,256.1,817.5,227.8,394441
2026-09-26 11:25:50,utun29,0,0,-55,-97,42,180,48,91,61.5,206,1.150101,38.8,200,850.4,226.1,822.1,191.2,395178
2026-09-26 11:27:50,utun29,0,0,-54,-96,42,180,48,166,57.6,206,1.562883,35.0,200,626.3,283.1,603.7,258.6,395778
2026-09-26 11:29:50,utun29,0,0,-60,-96,36,180,48,97,58.3,206,1.206884,122.0,200,633.8,219.3,610.9,197.9,396128
2026-09-26 11:31:50,utun29,0,0,-62,-95,33,180,48,115,58.3,206,1.630104,57.2,200,768.3,223.2,744.9,198.4,396553
2026-09-26 11:33:50,utun29,0,0,-62,-96,34,180,48,105,52.7,206,1.164432,34.3,200,742.9,107.7,720.5,92.8,397023
2026-09-26 11:35:50,utun29,0,0,-63,-97,34,135,48,96,66.1,206,1.781513,45.8,200,587.3,166.7,568.4,151.9,397275
2026-09-26 11:37:50,utun29,0,0,-60,-96,36,180,48,131,59.4,206,2.657220,60.1,200,654.1,201.6,631.3,166.2,397667
2026-09-26 11:39:51,utun29,0,0,-61,-96,35,270,48,95,61.5,206,1.276158,91.3,200,769.9,284.6,743.7,259.2,398056
2026-09-26 11:41:50,utun29,0,0,-62,-96,34,150,48,160,87.3,206,1.333286,125.8,200,1075.4,305.5,1041.3,283.1,398409
2026-09-26 11:43:51,utun29,0,0,,,,,,104,77.1,206,1.289213,178.0,200,855.6,278.1,824.8,241.5,399105
2026-09-26 11:45:51,utun29,0,0,-59,-94,35,216,48,118,34.1,206,1.127912,81.8,200,823.8,283.8,795.7,260.8,399605
2026-09-26 11:47:50,utun29,0,0,-58,-96,38,180,48,141,123.8,206,1.174387,160.0,200,847.5,165.8,821.5,142.0,400126
2026-09-26 11:49:50,utun29,0,0,-62,-96,34,180,48,120,80.3,206,1.001205,111.4,200,1180.3,236.1,1145.2,206.6,400717
2026-09-26 11:51:50,utun29,0,0,-60,-96,36,120,48,103,197.6,206,1.063233,513.3,200,1097.5,112.6,1067.2,97.0,401161
2026-09-26 11:53:50,utun29,0,0,-59,-96,37,240,48,97,66.2,206,1.029349,105.4,200,1039.9,236.3,1008.5,203.5,401602
2026-09-26 11:55:50,utun29,0,0,-60,-96,36,300,48,222,56.0,206,1.185332,137.1,200,722.1,176.0,698.6,151.0,402015
2026-09-26 11:57:51,utun29,0,0,-59,-97,38,270,48,91,86.1,206,1.844730,72.5,200,903.2,268.0,875.4,241.1,402288
2026-09-26 11:59:50,utun29,0,0,-60,-95,35,270,48,563,65.4,206,2.411708,83.8,200,802.6,174.5,778.2,168.5,402660
2026-09-26 12:01:50,utun29,0,0,-59,-97,38,150,48,80,71.5,206,1.048340,53.5,200,828.0,158.7,801.2,117.6,403041
2026-09-26 12:03:50,utun29,0,0,-62,-96,34,240,48,84,47.4,206,2.148270,44.3,200,629.2,258.0,607.9,236.0,403551
2026-09-26 12:05:51,utun29,0,0,-59,-96,37,300,48,129,40.6,206,1.629408,56.1,200,751.1,101.2,728.7,79.9,404320
2026-09-26 12:07:51,utun29,0,0,-59,-96,37,150,48,148,60.1,206,1.671215,43.3,200,1110.7,182.5,1076.2,152.9,405009
2026-09-26 12:09:51,utun29,0,0,-59,-96,37,270,48,231,51.1,206,1.993007,67.4,200,689.7,220.5,665.4,197.4,405728
2026-09-26 12:11:50,utun29,0,0,-61,-96,35,180,48,95,76.9,206,1.869548,75.4,200,696.2,168.7,674.9,146.1,406337
2026-09-26 12:13:50,utun29,0,0,-58,-96,38,240,48,87,49.5,206,1.711344,54.4,200,602.7,221.2,581.3,200.4,406967
2026-09-26 12:15:50,utun29,0,0,-60,-92,32,240,48,94,95.4,206,1.559200,83.9,200,862.4,297.6,828.6,270.7,407504
2026-09-26 12:17:51,utun29,0,0,-61,-96,35,180,48,96,58.8,206,1.377881,84.0,200,906.5,1003.3,868.3,978.7,408214
2026-09-26 12:19:51,utun29,0,0,-60,-95,35,180,48,114,153.9,206,1.427977,198.2,200,918.2,1917.8,866.9,1837.5,409102
2026-09-26 12:21:50,utun29,0,0,-58,-96,38,180,48,108,89.8,206,1.652892,416.5,200,965.6,312.5,932.7,280.4,409978
2026-09-26 12:23:50,utun29,0,0,-58,-94,36,240,48,95,82.5,206,1.665019,78.9,200,1051.1,153.1,1017.3,126.2,411007
2026-09-26 12:25:51,utun29,0,0,-62,-93,31,180,48,88,147.2,206,1.257827,137.4,200,994.9,188.7,962.6,161.8,412084
2026-09-26 12:27:51,utun29,0,0,-61,-93,32,216,48,152,89.7,206,1.674916,303.0,200,965.0,236.1,929.7,209.6,413169
2026-09-26 12:29:51,utun29,0,0,-62,-94,32,162,48,135,84.4,206,1.744985,60.6,200,1351.9,786.1,1302.9,759.7,414502
2026-09-26 12:31:51,utun29,0,0,-61,-96,35,108,48,93,87.4,206,1.707810,47.2,200,891.5,450.8,856.8,422.1,415363
2026-09-26 12:33:51,utun29,0,0,-62,-96,34,180,48,175,55.6,206,1.688225,60.0,200,875.2,256.8,843.0,212.2,416272
2026-09-26 12:35:51,utun29,0,0,-61,-96,35,240,48,153,39.9,206,1.963447,130.8,200,725.1,39.9,702.4,20.5,417120
2026-09-26 12:37:50,utun29,0,0,-63,-91,28,180,48,81,49.0,206,1.805662,41.7,200,717.1,630.0,685.2,604.1,417892
2026-09-26 12:39:51,utun29,0,0,-59,-94,35,180,48,592,38.6,206,1.834174,80.9,200,641.9,413.2,615.4,378.2,418517
2026-09-26 12:41:51,utun29,0,0,-61,-97,36,180,48,101,77.1,206,1.552243,77.4,200,640.0,463.3,612.9,429.1,418900
2026-09-26 12:43:51,utun29,0,0,-60,-96,36,240,48,173,45.4,206,1.823818,43.0,200,636.1,730.1,607.6,695.8,419435
2026-09-26 12:45:51,utun29,0,0,-57,-96,39,180,48,213,26.0,206,1.489584,29.0,200,562.5,285.7,538.9,261.4,420154
2026-09-26 12:47:51,utun30,1,0,-60,-95,35,180,48,112,41.5,206,2.483200,0.1,200,352.6,29.6,,,420157
2026-09-26 12:49:51,utun31,1,0,-57,-96,39,240,48,100,71.2,206,1.163148,42.7,200,245.3,24.3,,,420481
2026-09-26 12:51:51,utun31,0,0,-59,-96,37,150,48,91,60.3,206,1.109195,63.4,200,815.4,55.6,786.3,26.7,421179
2026-09-26 12:53:51,utun31,0,0,-59,-96,37,300,48,143,68.1,206,1.187844,68.9,200,705.6,187.1,677.8,159.0,421830
2026-09-26 12:55:51,utun31,0,0,-59,-94,35,216,48,82,49.6,206,1.086642,59.0,200,788.8,223.9,758.5,202.3,422475
2026-09-26 12:57:51,utun31,0,0,-59,-96,37,270,48,153,43.5,206,1.903002,87.7,200,775.5,80.0,748.8,48.5,423076
2026-09-26 12:59:50,utun31,0,0,-59,-94,35,240,48,191,47.7,206,1.210439,55.1,200,808.7,122.1,779.3,92.1,423563
2026-09-26 13:01:50,utun31,0,0,-60,-94,34,180,48,96,66.0,206,1.130483,71.8,200,883.5,224.1,851.4,193.8,424220
2026-09-26 13:03:51,utun31,0,0,-62,-96,34,240,48,142,41.5,206,1.334088,45.0,200,893.1,227.2,861.6,205.2,425037
2026-09-26 13:05:50,utun31,0,0,-61,-94,33,240,48,132,26.0,206,1.909138,39.3,200,576.4,106.7,555.3,78.0,425735
2026-09-26 13:07:51,utun31,0,0,-57,-96,39,270,48,111,74.7,206,1.124611,94.9,200,672.5,422.6,645.3,401.3,426476
2026-09-26 13:09:50,utun31,0,0,-59,-96,37,180,48,90,124.4,206,1.133769,178.9,200,827.6,506.3,792.9,467.1,427607
2026-09-26 13:11:50,utun31,0,0,-56,-96,40,180,48,128,55.0,206,1.341487,82.5,200,865.9,565.4,830.9,538.7,428982
2026-09-26 13:13:50,utun31,0,0,-56,-96,40,180,48,383,61.4,206,1.656429,135.4,200,769.0,535.4,737.0,505.0,430069
2026-09-26 13:15:51,utun31,0,0,-57,-96,39,150,48,155,21.6,206,1.439395,27.2,200,725.2,534.7,693.3,494.3,431427
2026-09-26 13:17:53,utun31,0,0,-58,-96,38,300,48,239,32.8,206,2.324536,47.3,200,424.5,317.6,406.3,295.9,432055
2026-09-26 13:19:50,utun31,0,0,-58,-96,38,180,48,80,76.2,206,1.152617,69.6,200,580.2,41.8,558.1,27.6,432944
2026-09-26 13:21:51,utun31,0,0,-58,-96,38,180,48,167,50.7,206,1.158496,58.6,200,688.5,89.7,662.1,58.6,434173
2026-09-26 13:23:51,utun31,0,0,-59,-96,37,270,48,194,38.2,206,1.380449,57.3,200,625.0,75.9,603.3,55.7,435274
2026-09-26 13:25:50,utun31,0,0,-59,-96,37,300,48,104,0.1,500,1.352801,51.5,200,593.5,70.6,575.0,51.7,435984
2026-09-26 13:27:51,utun31,0,0,-58,-96,38,162,48,147,63.1,206,2.027357,49.5,200,633.6,71.0,613.1,52.5,437267
2026-09-26 13:29:51,utun31,0,0,-61,-96,35,180,48,87,82.0,206,1.083703,156.3,200,525.2,104.6,508.1,87.2,438198
2026-09-26 13:31:51,utun31,0,0,-61,-95,34,180,48,163,35.7,206,2.066301,46.0,200,623.2,46.8,599.3,27.7,439326
2026-09-26 13:33:51,utun31,0,0,-61,-96,35,240,48,167,33.9,206,1.787606,29.0,200,559.9,413.6,539.1,389.1,440134
2026-09-26 13:35:51,utun31,0,0,-59,-95,36,240,48,147,36.8,206,1.538204,36.5,200,608.1,295.8,586.7,271.9,440891
2026-09-26 13:37:51,utun31,0,0,-57,-93,36,180,48,90,107.1,206,2.241071,110.5,200,568.1,168.9,548.1,150.0,441673
2026-09-26 13:39:51,utun31,0,0,-56,-96,40,180,48,210,49.9,206,1.114881,31.0,200,654.5,542.6,628.3,527.7,443043
2026-09-26 13:41:51,utun31,0,0,-56,-95,39,180,48,93,50.1,206,1.314977,41.0,200,531.6,497.9,508.8,472.1,443973
2026-09-26 13:43:51,utun31,0,0,-55,-96,41,180,48,225,48.1,206,1.157915,37.6,200,621.6,539.2,595.4,511.4,445145
2026-09-26 13:45:51,utun31,0,0,-56,-96,40,180,48,148,22.4,206,1.972085,39.0,200,502.8,523.1,481.3,480.0,446145
2026-09-26 13:47:51,utun31,0,0,-57,-96,39,180,48,116,66.5,206,1.015079,65.0,200,507.1,437.7,485.9,413.3,446921
2026-09-26 13:49:51,utun31,0,0,-58,-96,38,180,48,199,46.4,206,1.943171,36.2,200,636.7,579.6,609.6,559.0,448180
2026-09-26 13:51:51,utun31,0,0,-59,-94,35,240,48,83,53.6,206,1.797435,69.6,200,630.3,589.9,603.4,549.1,449094
2026-09-26 13:53:51,utun31,0,0,-59,-95,36,60,48,138,64.3,206,1.773070,48.9,200,652.6,579.8,627.6,551.9,450148
2026-09-26 13:55:51,utun31,0,0,-56,-96,40,240,48,582,0.1,500,1.691443,76.3,200,687.9,1758.9,647.6,1719.4,451085
2026-09-26 13:57:51,utun31,0,0,-60,-96,36,180,48,108,38.9,206,1.960346,28.4,200,476.1,1156.1,450.0,1118.1,452225
2026-09-26 13:59:51,utun31,0,0,-63,-97,34,180,48,176,29.6,206,2.131847,38.4,200,576.5,1843.0,540.0,1771.0,453168
2026-09-26 14:01:51,utun31,0,0,-64,-96,32,180,48,110,52.4,206,1.481715,53.0,200,512.8,162.5,495.0,144.2,453951
2026-09-26 14:03:51,utun31,0,0,-55,-97,42,240,48,719,33.8,206,1.877455,53.8,200,593.0,337.8,571.7,320.7,455013
2026-09-26 14:05:51,utun31,0,0,-55,-96,41,180,48,99,29.9,206,3.206238,36.2,200,543.7,541.7,521.0,508.2,455951
2026-09-26 14:07:51,utun31,0,0,-55,-96,41,162,48,192,28.8,206,1.064790,21.4,200,476.1,464.8,455.8,439.1,456768
2026-09-26 14:09:51,utun31,0,0,-57,-96,39,180,48,216,73.1,206,1.479026,88.6,200,508.7,251.2,487.9,236.8,457356
2026-09-26 14:11:51,utun31,0,0,-56,-96,40,162,48,222,30.3,206,2.635734,19.0,200,577.5,434.9,549.5,408.3,458529
2026-09-26 14:13:51,utun31,0,0,-55,-96,41,243,48,130,22.8,206,1.069680,22.2,200,388.6,232.8,372.8,206.4,459151
2026-09-26 14:15:51,utun31,0,0,-55,-95,40,270,48,81,16.4,206,2.042609,18.2,200,363.5,28.5,350.9,14.6,459538
2026-09-26 14:17:51,en0,1,0,-62,-92,30,270,48,3097,1.6,206,30.677840,489.7,200,279.3,27.2,279.3,27.2,459605
2026-09-26 14:19:51,utun34,1,0,-55,-96,41,180,48,160,20.0,206,3.734298,546.4,200,137.4,19.5,,,459760
2026-09-26 14:21:51,utun35,1,0,-58,-97,39,180,48,107,125.3,206,1.133757,148.6,200,331.4,35.2,,,460258
2026-09-26 14:23:51,utun35,0,0,-57,-96,39,180,48,267,57.5,206,1.317499,92.9,200,502.0,100.5,477.8,81.2,461185
2026-09-26 14:25:51,utun35,0,0,-57,-96,39,180,48,124,52.2,206,1.391144,103.6,200,574.3,70.8,553.8,53.9,462081
2026-09-26 14:27:51,utun35,0,0,-57,-97,40,150,48,1085,149.7,206,1.468493,65.2,200,626.8,61.0,583.6,40.4,463088
2026-09-26 14:29:51,utun35,0,0,-58,-97,39,180,48,173,53.3,206,3.362348,166.4,200,525.3,44.6,506.8,28.6,463845
2026-09-26 14:31:51,utun35,0,0,-57,-97,40,120,48,125,37.5,206,2.066341,77.3,200,654.1,59.7,629.7,39.5,464933
2026-09-26 14:33:51,utun35,0,0,-58,-95,37,162,48,571,30.9,206,1.357383,21.8,200,446.6,43.8,408.2,28.5,465565
2026-09-26 14:35:52,utun35,0,0,-57,-96,39,243,48,160,30.2,206,1.254669,29.4,200,328.7,60.9,316.6,48.4,466201
2026-09-26 14:37:51,utun35,0,0,-58,-93,35,270,48,138,44.4,206,1.341191,40.5,200,506.3,51.3,484.7,32.8,466806
2026-09-26 14:39:51,utun35,0,0,-60,-96,36,180,48,152,57.1,206,2.091918,85.6,200,503.3,29.8,479.0,15.0,467701
2026-09-26 14:41:51,utun35,0,0,-59,-94,35,180,48,102,159.9,206,1.308386,243.0,200,760.5,75.8,733.7,55.8,468455
2026-09-26 14:43:51,utun35,0,0,-60,-95,35,270,48,279,65.5,206,1.453346,0.0,000,992.0,45.3,962.5,26.8,468821
2026-09-26 14:45:51,utun35,0,0,-61,-97,36,240,48,118,244.6,206,1.234057,469.2,200,738.1,55.4,716.9,40.8,469014
2026-09-26 14:47:51,utun35,0,0,-54,-95,41,135,48,265,67.4,206,1.160606,45.6,200,768.4,34.0,746.5,18.3,469333
2026-09-26 14:49:51,utun35,0,0,-55,-94,39,240,48,487,110.8,206,1.253401,171.2,200,764.7,32.7,743.7,16.6,469518
2026-09-26 14:51:51,utun35,0,0,-56,-94,38,120,48,116,47.1,206,1.121113,42.2,200,713.4,93.2,693.3,75.8,469713
2026-09-26 14:53:51,utun35,0,0,-52,-93,41,216,48,224,18.0,206,3.369331,22.6,200,599.7,96.3,580.4,77.2,469850
2026-09-26 14:55:51,utun35,0,0,-56,-97,41,270,48,106,33.0,206,1.588384,29.6,200,475.9,29.7,453.8,13.5,469975
2026-09-26 14:57:51,utun35,0,0,-57,-97,40,180,48,388,49.7,206,1.262633,36.7,200,553.8,34.5,514.5,14.8,470089
2026-09-26 14:59:51,en0,1,0,-54,-97,43,240,48,1009,8.4,206,5.037471,40.2,200,493.8,79.6,493.8,79.6,470131
2026-09-26 15:01:51,utun36,1,0,-57,-96,39,240,48,77,28.7,206,2.305374,34.3,200,86.4,86.9,,,470165
2026-09-26 15:03:51,utun36,0,0,-55,-92,37,300,48,102,40.0,206,1.151929,46.5,200,431.8,25.6,413.8,10.8,470204
2026-09-26 15:05:51,utun36,0,0,-55,-94,39,300,48,88,61.4,206,1.653124,50.1,200,618.4,29.6,590.8,13.1,470269
2026-09-26 15:07:51,utun36,0,0,-57,-97,40,240,48,90,67.1,206,1.547377,58.1,200,654.4,30.6,623.9,13.5,470355
2026-09-26 15:09:51,utun36,0,0,-56,-97,41,270,48,145,28.8,206,1.593144,50.0,200,580.9,27.8,556.7,12.0,470523
2026-09-26 15:11:51,utun36,0,0,-56,-96,40,240,48,479,48.3,206,1.785959,47.9,200,621.7,30.9,595.2,13.5,470680
2026-09-26 15:13:51,utun36,0,0,-57,-96,39,180,48,142,48.0,206,1.391225,74.2,200,590.6,29.9,564.2,13.5,470969
2026-09-26 15:15:51,utun36,0,0,-57,-95,38,180,48,100,27.4,206,1.102792,59.3,200,618.7,33.0,592.6,15.5,471216
2026-09-26 15:17:51,utun36,0,0,-56,-96,40,162,48,113,79.1,206,2.102434,71.4,200,523.3,89.4,498.5,72.8,471286
2026-09-26 15:19:51,utun36,0,0,-56,-96,40,180,48,439,47.8,206,1.217550,56.2,200,563.6,52.8,535.7,36.3,471413
2026-09-26 15:21:51,utun36,0,0,-62,-94,32,270,48,104,58.2,206,1.181948,55.5,200,597.6,30.6,568.2,14.4,471503
2026-09-26 15:23:51,utun36,0,0,-57,-96,39,270,48,92,70.1,206,2.124491,35.8,200,653.8,35.5,622.8,17.4,471655
2026-09-26 15:25:51,utun36,0,0,-57,-96,39,180,48,80,33.1,206,1.748320,29.7,200,602.6,40.8,575.1,19.3,471912
2026-09-26 15:27:51,utun36,0,0,-57,-96,39,150,48,476,38.0,206,1.163354,24.9,200,493.5,56.8,478.4,39.0,472158
2026-09-26 15:29:51,utun36,0,0,-57,-94,37,108,48,160,28.4,206,1.627880,28.2,200,502.3,32.3,486.2,14.9,472332
2026-09-26 15:31:51,utun36,0,0,-59,-97,38,180,48,479,33.9,206,1.607031,19.8,200,579.1,36.1,561.5,16.6,472644
2026-09-26 15:33:51,utun36,0,0,-58,-97,39,180,48,116,27.3,206,1.795222,43.6,200,550.8,119.4,532.9,100.3,473079
2026-09-26 15:35:51,utun36,0,0,-54,-96,42,180,48,79,59.6,206,1.106692,33.3,200,462.6,27.0,449.5,13.0,473729
2026-09-26 15:37:51,utun36,0,0,-61,-96,35,240,48,89,45.7,206,1.341840,79.8,200,673.7,37.8,654.3,18.9,474418
2026-09-26 15:39:51,utun36,0,0,-60,-97,37,180,48,230,37.4,206,1.785802,45.6,200,684.7,124.8,664.4,104.1,475436
2026-09-26 15:41:51,utun36,0,0,-64,-96,32,300,48,85,57.2,206,1.554046,140.8,200,671.2,45.4,647.7,25.4,476179
2026-09-26 15:43:51,utun36,0,0,-65,-96,31,240,48,480,37.6,206,1.357008,73.2,200,933.1,137.9,904.6,111.6,477088
2026-09-26 15:45:51,utun36,0,0,-63,-96,33,180,48,123,63.1,206,1.858895,73.0,200,842.5,48.7,814.5,25.0,477675
2026-09-26 15:47:51,utun36,0,0,-65,-97,32,270,48,86,99.9,206,1.144488,87.9,200,618.3,35.2,600.1,17.3,478245
2026-09-26 15:49:51,utun36,0,0,-62,-96,34,135,48,548,65.7,206,1.554183,59.5,200,1012.8,50.1,984.4,24.7,479232
2026-09-26 15:51:51,utun36,0,0,-59,-96,37,180,48,185,25.4,206,1.400213,36.2,200,617.0,35.7,597.7,17.3,479871
2026-09-26 15:53:51,utun36,0,0,-61,-96,35,162,48,78,40.2,206,1.556752,39.5,200,433.5,34.4,415.8,16.0,480282
2026-09-26 15:55:51,utun36,0,0,-60,-96,36,216,48,133,42.5,206,1.528443,37.0,200,443.0,28.2,428.6,17.7,480805
2026-09-26 15:57:51,utun36,0,0,-62,-96,34,180,48,79,48.6,206,1.290892,62.1,200,404.9,29.7,392.5,14.9,481072
2026-09-26 15:59:51,utun36,0,0,-65,-94,29,216,48,159,87.4,206,1.345163,73.5,200,703.8,146.2,681.7,125.8,481550
2026-09-26 16:01:51,utun36,0,0,-61,-97,36,270,48,122,33.0,206,1.943338,40.1,200,797.0,49.8,772.2,23.8,481792
2026-09-26 16:03:51,utun36,0,0,-60,-96,36,240,48,713,34.0,206,1.345949,54.6,200,656.0,35.0,636.8,15.4,481878
2026-09-26 16:05:51,utun36,0,0,-61,-97,36,180,48,541,50.0,206,1.613782,68.8,200,604.8,33.0,585.9,15.0,481956
2026-09-26 16:07:51,utun36,0,0,-59,-94,35,162,48,98,77.9,206,1.625304,52.5,200,877.5,42.9,853.3,19.8,482075
2026-09-26 16:09:51,utun36,0,0,-63,-96,33,300,48,170,45.1,206,1.032250,34.9,200,884.6,43.4,859.5,18.7,482202
2026-09-26 16:11:51,utun36,0,0,-63,-96,33,120,48,87,73.6,206,1.195414,135.4,200,964.0,46.3,936.3,20.0,482312
2026-09-26 16:13:51,utun36,0,0,-64,-96,32,180,48,163,77.2,206,1.133235,70.4,200,810.1,39.9,786.0,18.3,482441
2026-09-26 16:15:51,utun36,0,0,-62,-96,34,240,48,103,100.1,206,0.982956,57.1,200,755.2,33.3,735.3,15.4,482567
2026-09-26 16:17:51,utun36,0,0,-63,-95,32,120,48,103,71.3,206,1.436538,58.4,200,548.7,150.6,532.6,133.7,482633
2026-09-26 16:19:51,utun36,0,0,-60,-96,36,270,48,513,8.8,206,31.235068,81.2,200,578.1,43.2,561.5,27.3,482716
2026-09-26 16:21:51,utun36,0,0,-60,-96,36,240,48,311,38.6,206,1.889670,73.0,200,643.4,31.6,621.6,14.2,482781
2026-09-26 16:23:51,utun36,0,0,-61,-96,35,240,48,163,115.6,206,7.490305,68.9,200,528.9,26.4,514.5,12.5,482848
2026-09-26 16:25:51,utun36,0,0,-60,-96,36,243,48,86,82.1,206,1.661987,71.3,200,495.5,24.3,481.9,12.2,482927
2026-09-26 16:27:52,utun36,0,0,-59,-97,38,240,48,218,31.3,206,1.989896,19.0,200,501.5,29.4,485.9,14.3,483011
2026-09-26 16:29:51,utun37,1,0,-59,-96,37,240,48,149,42.5,206,1.895252,649.9,200,279.5,29.6,,,483014
2026-09-26 16:31:51,utun37,0,0,-60,-97,37,270,48,99,83.9,206,1.164808,130.8,200,469.1,32.2,450.4,14.4,483060
2026-09-26 16:33:51,utun37,0,0,-60,-97,37,270,48,109,30.2,206,1.092406,32.4,200,506.9,31.6,489.4,14.6,483156
2026-09-26 16:35:51,utun37,0,0,-59,-96,37,270,48,101,37.1,206,1.550004,26.5,200,505.2,34.2,487.7,15.8,483205
2026-09-26 16:37:51,utun37,0,0,-60,-96,36,300,48,78,18.4,206,3.003348,29.8,200,437.5,39.2,420.7,22.3,483255
2026-09-26 16:39:51,utun37,0,0,-65,-96,31,240,48,90,17.2,206,1.386822,25.5,200,406.0,29.1,391.0,12.6,483303
2026-09-26 16:41:51,utun37,0,0,-61,-96,35,180,48,170,34.8,206,1.922920,30.9,200,517.0,39.4,494.7,17.2,483349
2026-09-26 16:43:51,utun37,0,0,-64,-95,31,180,48,115,35.6,206,1.930814,41.0,200,606.5,39.7,585.3,17.9,483403
2026-09-26 16:45:51,utun37,0,0,-64,-97,33,180,48,501,42.6,206,1.582079,41.3,200,530.1,41.6,511.9,22.1,483467
2026-09-26 16:47:51,utun37,0,0,-63,-96,33,180,48,95,23.6,206,1.797243,31.4,200,452.0,150.5,435.0,131.7,483514
2026-09-26 16:49:51,utun37,0,0,-59,-96,37,180,48,102,28.2,206,1.993124,34.9,200,415.5,43.5,400.3,26.4,483554
2026-09-26 16:51:51,utun37,0,0,-58,-96,38,162,48,106,42.6,206,1.892623,29.5,200,464.3,54.9,447.7,36.8,483600
2026-09-26 16:53:51,utun37,0,0,-58,-97,39,180,48,129,28.2,206,1.757158,24.2,200,505.5,32.9,488.8,14.3,483649
2026-09-26 16:55:52,utun37,0,0,-66,-97,31,216,48,93,24.0,206,1.720612,27.6,200,462.7,269.1,444.3,246.0,483690
2026-09-26 16:57:51,utun37,0,0,-60,-96,36,300,48,138,59.7,206,1.785148,35.1,200,487.0,35.6,466.8,16.2,483722
2026-09-26 16:59:51,utun37,0,0,,,,,,512,30.9,206,1.442599,31.2,200,508.1,48.6,492.0,40.0,483809
2026-09-26 17:01:51,utun37,0,0,-60,-95,35,180,48,226,23.2,206,1.986898,22.3,200,381.6,507.7,364.2,499.1,483865
2026-09-26 17:03:51,utun37,0,0,-60,-94,34,180,48,114,17.2,206,1.638049,18.3,200,372.4,517.5,353.9,467.8,483934
2026-09-26 17:05:51,utun37,0,0,-59,-95,36,240,48,150,36.4,206,1.785915,29.4,200,354.2,346.4,337.4,325.1,483987
2026-09-26 17:07:51,utun37,0,0,,,,,,88,66.0,206,2.167279,87.8,200,375.6,259.4,359.9,240.6,484049
2026-09-26 17:09:51,utun37,0,0,-60,-95,35,180,48,86,62.3,206,1.914960,44.3,200,670.0,367.0,641.7,350.8,484157
2026-09-26 17:11:51,utun37,0,0,-61,-94,33,162,48,94,32.8,206,1.939247,56.1,200,737.1,461.4,709.4,432.4,484319
2026-09-26 17:13:51,utun37,0,0,-61,-95,34,180,48,107,59.2,206,0.982921,30.2,200,640.3,482.4,613.3,454.0,484453
2026-09-26 17:15:51,utun37,0,0,-61,-95,34,180,48,87,42.0,206,1.495721,31.7,200,645.4,354.4,612.1,309.1,484582
2026-09-26 17:17:51,utun37,0,0,-60,-93,33,180,48,242,33.2,206,1.064781,35.6,200,509.2,359.7,492.2,345.2,484790
2026-09-26 17:19:51,utun37,0,0,-60,-89,29,216,48,93,31.3,206,1.431602,49.4,200,640.0,449.5,617.4,413.2,485330
2026-09-26 17:21:51,utun37,0,0,-61,-95,34,216,48,101,41.5,206,1.615621,32.8,200,569.6,487.1,546.9,472.1,486193
2026-09-26 17:23:51,utun37,0,0,-60,-94,34,180,48,91,47.1,206,3.090145,19.8,200,515.3,309.9,492.7,284.5,487466
2026-09-26 17:25:51,utun37,0,0,-60,-95,35,216,48,78,48.1,206,1.507642,54.7,200,613.9,471.1,588.4,428.4,488445
2026-09-26 17:27:51,utun37,0,0,-60,-95,35,180,48,93,33.7,206,1.654685,29.0,200,354.6,188.2,338.9,172.1,490256
2026-09-26 17:29:51,utun37,0,0,-61,-94,33,240,48,95,41.5,206,5.536820,106.2,200,465.4,177.4,448.1,177.5,491242
2026-09-26 17:31:51,utun37,0,0,-60,-94,34,180,48,172,46.7,206,2.098486,62.8,200,566.2,417.4,542.5,393.8,492094
2026-09-26 17:33:51,utun37,0,0,-60,-95,35,240,48,92,39.6,206,1.705863,41.5,200,601.3,292.8,579.9,272.3,492517
2026-09-26 17:35:51,utun37,0,0,-61,-95,34,180,48,243,23.2,206,1.809986,38.2,200,538.5,388.5,518.0,386.9,492909
2026-09-26 17:37:51,utun37,0,0,-60,-95,35,243,48,144,57.3,206,1.679206,82.5,200,509.7,510.5,488.3,467.6,493131
2026-09-26 17:39:51,utun37,0,0,-61,-94,33,180,48,138,42.0,206,1.985431,39.4,200,522.6,147.0,505.0,126.5,493517
2026-09-26 17:41:51,utun37,0,0,-61,-95,34,240,48,91,23.2,206,2.192894,30.4,200,396.1,240.8,382.2,223.9,493876
2026-09-26 17:43:51,utun37,0,0,-60,-95,35,180,48,492,34.9,206,2.241890,59.5,200,474.7,239.5,456.9,220.5,494108
2026-09-26 17:45:51,utun37,0,0,-60,-94,34,240,48,121,39.3,206,2.005484,36.6,200,704.7,243.2,683.4,227.1,494242
2026-09-26 17:47:51,utun37,0,0,-60,-95,35,240,48,104,42.7,206,1.599280,38.1,200,711.4,361.5,687.4,328.4,494335
2026-09-26 17:49:51,en0,1,0,-54,-90,36,300,48,942,8.8,206,2.462770,37.9,200,456.8,27.3,456.8,27.3,494364
2026-09-26 17:51:52,utun39,1,0,-63,-92,29,270,48,125,51.3,206,1.681755,43.7,200,154.0,24.8,,,494398
2026-09-26 17:53:51,utun39,0,0,-59,-95,36,300,48,90,82.8,206,1.947282,330.2,200,606.8,40.2,588.9,25.4,494505
2026-09-26 17:55:51,utun39,0,0,-60,-92,32,300,48,176,38.7,206,3.208324,27.1,200,428.8,157.3,416.3,139.8,494717
2026-09-26 17:57:51,utun39,0,0,-62,-95,33,240,48,90,27.1,206,1.423942,21.7,200,497.2,24.6,488.9,19.3,494879
2026-09-26 17:59:51,utun39,0,0,-60,-92,32,180,48,98,50.7,206,2.203272,86.2,200,580.5,43.0,568.4,34.9,495096
2026-09-26 18:01:52,utun39,0,0,-62,-95,33,216,48,588,75.2,206,1.868722,45.6,200,596.2,38.5,585.9,32.4,495443
2026-09-26 18:03:51,utun39,0,0,-61,-95,34,300,48,458,68.4,206,1.405048,85.7,200,506.8,92.7,496.2,81.7,495855
