ts,uptime_min,b_docs,b_rate_min,e_notes,e_rate_h,runner_b,runner_e,tesseract_n,whisper_n,our_cpu_pct,load1,cpu_speed_limit,mem_free_mb,swap_used_mb,disk_free_gb,power,route_if,proxy_on,utun_n,ia_code,ia_connect_s,ia_ttfb_s,b_err,e_fail,b_retry,e_retry
2026-09-25 13:19:52,257,12002,,4,,1,1,1,1,486,9.37,81,2278,2886,22.2,AC,utun10,0,11,200,0.010907,1.768956,0,0,0,0
2026-09-25 13:24:54,262,12202,39.7,6,23.8,1,1,0,1,435,12.68,65,2404,3146,22.0,AC,utun10,0,11,200,0.070341,1.925162,0,0,0,0
2026-09-25 13:29:57,267,12675,93.9,11,59.5,1,1,0,0,16,4.11,100,2924,2974,22.0,AC,utun10,0,11,200,0.070887,2.045691,0,0,0,0
2026-09-25 13:34:59,272,13084,81.1,11,0.0,1,1,0,1,411,16.03,71,2456,3309,21.8,AC,utun10,0,11,200,0.078804,2.008364,0,0,0,0
2026-09-25 13:40:01,277,13520,86.3,11,0.0,1,1,0,1,541,9.94,76,2702,3567,21.7,AC,utun10,0,11,200,0.082928,2.636366,0,0,0,0
2026-09-25 13:45:04,282,13705,36.6,11,0.0,1,1,0,1,430,9.87,78,2711,3496,21.7,AC,utun10,0,11,200,0.689048,2.688912,0,0,0,0
2026-09-25 13:50:07,287,14058,70.0,11,0.0,1,1,0,1,411,8.54,78,2331,3295,21.6,AC,utun10,0,11,200,0.080596,2.068676,0,0,0,0
2026-09-25 13:55:10,292,14427,73.1,11,0.0,1,1,0,1,449,7.12,78,2461,3199,21.6,AC,utun10,0,11,200,0.659436,2.334517,0,0,0,0
2026-09-25 14:00:13,297,14773,68.2,11,0.0,1,1,0,1,447,7.39,76,2686,3328,21.6,AC,utun10,0,11,200,0.542970,3.679746,0,0,0,0
2026-09-25 14:05:17,302,14948,34.7,11,0.0,1,1,0,1,585,7.25,76,2775,3006,21.6,AC,utun10,0,11,200,0.073029,2.026155,0,0,0,0
2026-09-25 14:10:19,307,15088,27.3,11,0.0,1,1,0,1,496,7.35,76,2356,3056,21.6,AC,utun10,0,11,200,0.060356,6.995664,0,0,0,0
2026-09-25 14:15:27,312,15406,63.0,11,0.0,1,1,0,1,556,12.09,76,2298,3361,21.6,AC,utun10,0,11,200,0.065123,2.415601,0,0,0,0
2026-09-25 14:20:30,317,16027,123.2,11,0.0,1,1,0,1,529,8.96,73,2756,3870,20.5,AC,utun10,0,11,200,0.063642,2.032013,0,0,0,0
2026-09-25 14:25:32,322,16403,74.6,11,0.0,1,1,0,1,571,18.87,84,2481,3665,21.6,AC,utun11,0,12,200,0.086611,1.993699,0,0,0,0
2026-09-25 14:30:35,327,16840,86.3,11,0.0,1,1,1,1,465,11.39,68,2126,3100,21.5,AC,utun11,0,12,200,0.654509,2.721450,0,0,0,0
2026-09-25 14:35:38,332,17381,107.2,11,0.0,1,1,1,1,518,15.77,73,2323,3681,20.4,AC,utun11,0,12,200,0.093616,2.083121,0,0,0,0
2026-09-25 14:40:41,338,17815,86.0,11,0.0,1,1,1,1,528,9.25,76,2569,3984,20.4,AC,utun11,0,12,200,0.087984,2.199489,0,0,0,0
2026-09-25 14:45:44,343,18347,105.3,11,0.0,1,1,1,1,424,15.78,71,2456,3636,19.8,AC,utun11,0,12,200,0.071400,2.435578,0,0,0,0
2026-09-25 14:50:47,348,18796,89.1,12,11.9,1,1,0,1,392,11.48,76,2618,3438,21.2,AC,utun11,0,12,200,0.131867,1.763586,0,0,0,0
2026-09-25 14:55:50,353,18991,38.7,12,0.0,1,1,0,1,515,10.38,71,2549,3751,21.2,AC,utun11,0,12,200,0.074746,2.083690,0,0,0,0
2026-09-25 15:00:52,358,19350,71.2,12,0.0,1,1,0,1,504,9.73,68,2540,3390,21.2,AC,utun11,0,12,200,0.139754,2.071521,0,0,0,0
2026-09-25 15:05:55,363,19615,52.6,12,0.0,1,1,0,1,491,8.9,73,2513,3496,21.2,AC,utun11,0,12,200,0.214492,1.770252,0,0,0,0
2026-09-25 15:10:57,368,20037,82.7,12,0.0,1,1,0,1,442,11.04,73,2593,3634,21.2,AC,utun11,0,12,200,0.061983,5.661135,0,0,0,0
2026-09-25 15:16:03,373,20414,74.7,12,0.0,1,1,0,1,528,10.26,73,2253,3338,21.2,AC,utun11,0,12,200,0.064183,2.203325,0,0,0,0
2026-09-25 15:21:06,378,20726,61.8,12,0.0,1,1,1,1,530,8.56,71,2638,3584,21.2,AC,utun11,0,12,200,0.153224,1.991899,0,0,0,0
2026-09-25 15:26:09,383,21127,79.2,12,0.0,1,1,0,1,404,9.61,76,2322,3552,21.2,AC,utun11,0,12,200,0.073369,3.206165,0,0,0,0
2026-09-25 15:31:12,388,21635,99.1,12,0.0,1,1,0,1,453,9.47,73,2902,3843,20.1,AC,utun11,0,12,200,0.066116,7.040966,0,0,0,0
2026-09-25 15:36:20,393,21975,66.9,12,0.0,1,1,0,1,439,9.01,78,3249,3911,20.1,AC,utun11,0,12,200,0.067631,4.352336,0,0,0,0
2026-09-25 15:41:25,398,22001,5.2,12,0.0,1,1,0,1,556,7.68,73,2653,3591,20.1,AC,utun11,0,12,200,0.061418,1.951083,0,0,0,0
2026-09-25 15:46:27,403,22125,24.6,12,0.0,1,1,0,1,499,8.29,73,2709,3488,21.2,AC,utun11,0,12,200,0.069295,2.002607,0,0,0,0
2026-09-25 15:51:30,408,22175,9.6,12,0.0,1,1,0,1,343,11.02,81,1451,2175,21.1,AC,utun11,0,12,200,0.009046,12.570032,0,0,0,0
2026-09-25 15:56:43,414,22333,31.3,12,0.0,1,1,0,1,483,16.91,76,2378,4494,20.0,AC,utun11,0,12,200,0.076352,1.923180,0,0,0,0
2026-09-25 16:01:46,419,22820,96.6,13,11.9,1,1,0,1,518,10.4,84,2351,4018,19.9,AC,utun11,0,12,200,0.080529,2.120332,0,0,0,0
2026-09-25 16:06:48,424,23325,100.2,13,0.0,1,1,0,1,428,12.46,84,2743,4072,19.9,AC,utun11,0,12,200,0.005508,1.871720,0,0,0,0
2026-09-25 16:11:51,429,23975,127.1,13,0.0,1,1,0,1,506,8.38,78,2644,4321,19.8,AC,utun11,0,12,200,0.075367,6.206836,0,0,0,0
2026-09-25 16:16:58,434,24577,119.3,13,0.0,1,1,0,1,549,10.98,84,2506,4073,19.8,AC,utun11,0,12,200,0.064388,2.239652,0,0,0,0
2026-09-25 16:22:00,439,25215,126.0,13,0.0,1,1,0,1,500,8.33,73,2498,4181,19.8,AC,utun11,0,12,200,0.063592,3.165110,0,0,0,0
2026-09-25 16:27:04,444,26643,283.3,13,0.0,1,1,0,1,545,8.19,81,2441,3684,19.8,AC,utun11,0,12,200,0.101224,1.957724,0,0,0,0
2026-09-25 16:32:07,449,27533,176.6,13,0.0,1,1,0,1,546,8.48,81,2512,3784,19.8,AC,utun11,0,12,200,0.285406,1.854463,0,0,0,0
2026-09-25 16:37:09,454,29003,291.5,13,0.0,1,1,1,1,457,31.01,76,1805,3549,20.8,AC,utun11,0,12,200,0.094463,1.997789,0,0,0,0
2026-09-25 16:42:12,459,30209,238.7,13,0.0,1,1,1,1,226,18.33,78,1970,3366,20.8,battery,utun11,0,12,200,0.066228,2.472868,0,0,0,0
2026-09-25 17:16:40,494,30486,7.9,13,0.0,1,1,0,1,480,27.46,26,1699,2842,20.7,battery,utun11,0,12,000,0.000000,0.000000,0,0,0,0
2026-09-25 19:13:53,611,30878,3.4,13,0.0,1,1,1,1,322,31.95,84,2372,3448,20.6,AC,utun13,0,14,200,0.094831,2.474550,0,0,0,0
2026-09-25 19:18:56,616,31906,202.4,13,0.0,1,1,1,1,298,26.85,81,1644,4104,19.5,AC,utun13,0,14,200,0.539206,3.324240,0,0,0,0
2026-09-25 19:24:01,621,32864,188.0,13,0.0,1,1,1,1,485,22.79,81,2325,4518,19.4,AC,utun13,0,14,200,2.049369,4.978467,0,0,0,0
2026-09-25 19:29:07,626,33551,135.7,13,0.0,1,1,0,1,351,57.54,78,1727,4508,18.2,AC,utun13,0,14,200,0.080676,2.648362,0,0,0,0
2026-09-25 19:34:11,631,34901,266.6,13,0.0,1,1,0,1,350,16.08,78,1827,4766,18.1,AC,utun13,0,14,200,0.115053,2.724456,0,0,0,0
2026-09-25 19:39:14,636,35660,149.5,13,0.0,1,1,2,1,492,29.25,76,1552,4137,19.1,AC,utun13,0,14,200,0.202657,3.423606,0,0,0,0
2026-09-25 19:44:19,641,36193,105.0,13,0.0,1,0,0,0,2,10.02,100,1285,2881,20.2,AC,utun13,0,14,200,0.087502,3.896536,0,0,0,0
2026-09-25 19:49:23,646,36884,136.3,13,0.0,1,0,0,0,45,5.89,100,2194,4303,19.1,AC,utun13,0,14,200,0.420670,3.882263,0,0,0,0
2026-09-25 19:54:28,651,37531,123.9,13,0.0,1,0,0,0,16,4.89,100,2065,4426,19.0,AC,utun13,0,14,200,0.103568,12.943805,0,0,0,0
2026-09-25 19:59:41,656,39724,434.4,13,0.0,1,0,1,0,84,4.97,100,2492,5066,17.8,AC,utun13,0,14,200,0.091924,2.602626,0,0,0,0
2026-09-25 20:04:44,662,42200,486.9,13,0.0,1,0,5,0,159,72.69,50,1865,4716,17.7,AC,utun13,0,14,200,0.169101,3.106730,0,0,0,0
2026-09-25 20:09:49,667,44603,475.9,13,0.0,1,0,2,0,115,13.67,86,2374,5618,17.6,AC,utun13,0,14,200,0.084328,2.342546,0,0,0,0
2026-09-25 20:14:52,672,47076,490.1,13,0.0,1,0,0,0,6,5.0,84,2528,5808,16.4,AC,utun13,0,14,200,0.160039,2.315442,0,0,0,0
2026-09-25 20:19:55,677,48936,367.0,13,0.0,1,0,1,0,90,8.8,55,1906,5292,17.4,AC,utun13,0,14,200,0.084672,2.774727,0,0,0,0
2026-09-25 20:24:59,682,51091,425.3,13,0.0,1,0,2,0,136,26.86,63,1911,6403,16.2,AC,utun13,0,14,200,0.082967,2.621009,0,0,0,0
2026-09-25 20:30:03,687,53281,433.0,13,0.0,1,0,1,0,120,30.41,78,1559,6703,15.0,AC,utun13,0,14,200,0.193204,2.726255,0,0,0,0
2026-09-25 20:35:06,692,55384,414.8,13,0.0,1,0,2,0,166,40.38,78,2221,7666,12.6,AC,utun13,0,14,200,0.077567,2.716931,0,0,0,0
2026-09-25 20:40:11,697,57675,453.7,13,0.0,1,0,0,0,6,12.22,73,2294,6490,14.7,AC,utun13,0,14,200,0.088521,2.397012,0,0,0,0
2026-09-25 20:45:14,702,59709,401.9,13,0.0,1,0,0,0,9,52.18,60,1758,6379,13.5,AC,utun13,0,14,200,0.084462,2.810617,0,0,0,0
2026-09-25 20:50:17,707,62197,492.2,13,0.0,1,0,1,0,83,7.62,71,1757,6168,14.4,AC,utun13,0,14,200,0.081038,2.521560,0,0,0,0
2026-09-25 20:55:21,712,64274,410.1,13,0.0,1,0,2,0,76,44.06,65,1698,6213,14.3,AC,utun13,0,14,200,0.152080,2.595608,0,0,0,0
2026-09-25 21:00:24,717,65794,301.3,13,0.0,1,0,3,0,183,8.78,73,2031,6722,13.2,AC,utun13,0,14,200,0.166116,2.018988,0,0,0,0
2026-09-25 21:05:27,722,68144,465.7,13,0.0,1,0,0,0,9,10.22,73,2096,6528,13.1,AC,utun13,0,14,200,0.253441,2.246071,0,0,0,0
2026-09-25 21:10:30,727,70642,492.9,13,0.0,1,0,0,0,29,14.3,47,2170,7016,13.1,AC,utun13,0,14,200,0.159981,2.547004,0,0,0,0
2026-09-25 21:15:34,732,73181,501.9,13,0.0,1,0,2,0,101,30.28,73,2049,7222,14.6,AC,utun13,0,14,200,0.079467,2.498905,0,0,0,0
2026-09-25 21:20:38,737,74733,307.3,13,0.0,1,0,2,0,152,32.53,78,1651,7126,18.2,AC,utun13,0,14,200,0.181424,2.231108,0,0,0,0
2026-09-25 21:25:41,742,76376,324.4,13,0.0,1,0,0,0,3,4.39,100,2195,8524,17.1,AC,utun13,0,14,200,0.084572,3.080379,0,0,0,0
2026-09-25 21:30:44,748,78111,343.5,13,0.0,1,0,1,0,143,18.29,76,2769,8414,17.0,AC,utun13,0,14,200,0.090058,2.245288,0,0,0,0
2026-09-25 21:35:47,753,79757,324.9,13,0.0,1,0,1,0,71,5.54,44,2559,8218,17.0,AC,utun13,0,14,200,0.082463,2.464857,0,0,0,0
2026-09-25 21:40:51,758,81860,416.1,13,0.0,1,0,1,0,91,9.96,100,2247,7453,18.0,AC,utun13,0,14,200,0.074196,2.510512,0,0,0,0
2026-09-25 21:45:55,763,83513,325.5,13,0.0,1,0,0,0,6,6.01,84,1490,6058,19.0,AC,utun13,0,14,200,0.162874,3.829374,0,0,0,0
2026-09-25 21:50:59,768,85072,299.5,13,0.0,1,0,0,0,6,35.77,84,2430,7056,17.3,AC,utun13,0,14,200,0.094105,11.720445,0,0,0,0
2026-09-25 21:56:12,773,86964,374.8,13,0.0,1,0,0,0,11,11.74,100,1801,6415,18.4,AC,utun13,0,14,200,0.160966,2.096212,0,0,0,0
2026-09-25 22:01:15,778,88910,383.3,13,0.0,1,0,2,0,205,38.82,50,3051,8778,16.2,AC,utun13,0,14,200,0.099013,2.411090,0,0,0,0
2026-09-25 22:06:19,783,90782,369.2,13,0.0,1,0,0,0,29,24.72,55,2128,7249,16.0,AC,utun13,0,14,200,0.082406,2.578482,0,0,0,0
2026-09-25 22:11:23,788,92683,373.7,13,0.0,1,0,2,0,157,26.77,50,2183,7448,15.7,AC,utun13,0,14,200,0.189043,2.826876,0,0,0,0
2026-09-25 22:16:29,793,94410,327.9,13,0.0,1,0,1,0,59,37.6,68,1920,7662,14.5,AC,utun13,0,14,200,0.078483,13.699263,0,0,0,0
2026-09-25 22:21:45,799,96293,340.0,13,0.0,1,0,0,0,0,66.74,73,942,6347,15.5,AC,utun14,0,15,000,0.000000,0.000000,0,0,0,0
2026-09-25 22:27:17,804,96792,98.2,13,0.0,1,0,0,0,23,12.08,86,1041,7123,15.5,AC,utun15,0,16,200,0.077486,3.461314,0,0,0,0
2026-09-25 22:32:22,809,97561,150.7,13,0.0,1,0,1,0,119,241.46,52,1783,7178,15.4,AC,utun15,0,16,200,0.123902,2.654101,0,0,0,0
2026-09-25 22:37:28,814,98380,161.5,13,0.0,1,0,1,0,102,88.61,50,1921,7218,15.3,AC,utun15,0,16,200,0.134803,2.501638,0,0,0,0
2026-09-25 22:42:32,819,99453,211.2,13,0.0,1,0,0,0,27,74.92,55,1786,7180,15.2,AC,utun15,0,16,200,0.478256,2.811706,0,0,0,0
2026-09-25 22:47:37,824,100322,171.2,13,0.0,1,0,0,0,0,33.95,57,1343,6055,16.3,AC,utun15,0,16,200,0.091169,2.527088,0,0,0,0
2026-09-25 22:52:42,830,100916,116.1,13,0.0,1,0,1,0,50,270.22,47,2143,7900,14.1,AC,utun15,0,16,200,0.085803,2.163638,0,0,0,0
2026-09-25 22:57:48,835,101907,195.7,13,0.0,1,0,0,0,21,15.71,100,1085,5256,17.2,AC,utun15,0,16,200,0.092307,2.776909,0,0,0,0
2026-09-25 23:02:52,840,103014,219.1,13,0.0,1,0,0,0,3,9.33,100,1620,5700,16.1,AC,utun15,0,16,200,0.077431,2.150073,0,0,0,0
2026-09-25 23:07:55,845,103903,175.3,13,0.0,1,0,0,0,0,22.81,86,1652,4713,17.0,AC,en0,0,15,200,0.456423,2.842579,0,0,0,0
2026-09-25 23:13:00,850,104489,114.3,13,0.0,1,0,0,0,17,57.17,78,1854,5282,16.9,AC,utun15,0,16,200,0.509765,6.630485,0,0,0,0
2026-09-25 23:18:07,855,105004,101.3,13,0.0,1,0,0,0,3,24.92,71,1725,5580,15.5,AC,utun15,0,16,200,0.142257,3.848008,0,0,0,0
2026-09-25 23:23:12,860,105765,150.5,13,0.0,1,0,0,0,5,9.12,81,2455,6125,15.5,AC,utun15,0,16,200,0.088767,2.332607,0,0,0,0
2026-09-25 23:28:16,865,106458,136.6,13,0.0,1,0,0,0,3,8.42,100,1459,4382,17.7,AC,utun15,0,16,200,0.086358,3.453496,0,0,0,0
2026-09-25 23:33:20,870,107466,197.5,13,0.0,1,0,1,0,102,84.39,47,1774,5598,16.6,AC,utun15,0,16,200,0.194508,2.959694,0,0,0,0
2026-09-25 23:38:26,875,108255,148.4,13,0.0,1,0,0,0,5,3.97,100,1869,5638,15.4,AC,utun15,0,16,200,0.140317,18.150487,0,0,0,0
2026-09-25 23:43:45,881,108600,66.7,13,0.0,1,0,0,0,0,4.37,100,1871,5600,38.3,AC,utun15,0,16,200,0.431760,8.800682,0,0,0,0
2026-09-25 23:48:56,886,109691,216.2,13,0.0,1,0,0,0,6,4.97,100,2394,6275,38.3,AC,utun15,0,16,200,0.312167,2.215151,0,0,0,0
2026-09-25 23:53:59,891,110075,76.1,13,0.0,1,0,0,0,0,5.56,100,1730,5266,39.2,AC,utun15,0,16,200,0.067343,2.122799,0,0,0,0
2026-09-25 23:59:01,896,111199,222.1,13,0.0,1,0,1,0,79,17.61,78,2288,6476,38.0,AC,utun15,0,16,200,0.062729,2.412422,0,0,0,0
2026-09-26 00:04:05,901,112273,189.5,13,0.0,1,0,2,0,145,108.14,68,1887,6100,37.7,AC,utun15,0,16,200,22.140346,38.291778,0,0,0,0
2026-09-26 00:09:45,907,112553,55.3,13,0.0,1,0,0,0,2,5.33,100,1953,5752,37.6,AC,utun15,0,16,200,0.466435,3.157057,0,0,0,0
2026-09-26 00:14:49,912,112632,15.6,13,0.0,1,0,0,0,0,3.14,100,2282,5584,37.6,AC,utun16,0,17,200,0.158111,3.192243,0,0,0,0
2026-09-26 00:19:53,917,112780,29.1,13,0.0,1,0,0,0,4,9.89,78,1494,4599,38.6,AC,utun17,0,18,200,0.269612,4.301745,0,0,0,0
2026-09-26 00:24:58,922,112996,39.0,13,0.0,1,0,0,0,49,20.94,39,1201,3309,40.7,AC,utun17,0,18,000,0.000000,0.000000,0,0,0,0
2026-09-26 00:30:31,927,112996,0.0,13,0.0,1,0,0,0,0,4.03,100,2218,4701,39.8,AC,utun17,0,18,000,0.000000,0.000000,0,0,0,0
2026-09-26 00:36:11,933,112999,0.5,13,0.0,1,0,0,0,0,5.34,100,2160,5046,38.7,AC,utun19,0,20,000,0.000000,0.000000,0,0,0,0
2026-09-26 00:41:42,939,113117,20.8,13,0.0,1,0,0,0,1,6.05,100,1432,4418,39.7,AC,utun20,0,21,302,1.328259,2.273873,0,0,0,0
2026-09-26 00:47:23,944,113280,29.6,13,0.0,1,0,0,0,0,4.21,100,2065,4894,38.6,AC,utun23,0,24,000,0.000000,0.000000,0,0,0,0
2026-09-26 00:52:54,950,113369,17.6,13,0.0,1,0,0,0,1,3.19,100,1965,4608,39.6,AC,utun26,0,27,200,0.403684,2.954226,0,0,0,0
2026-09-26 00:57:58,955,113705,64.9,13,0.0,1,1,0,0,0,4.01,100,2372,5322,38.5,AC,utun26,0,27,200,0.103893,9.783586,0,0,0,0
2026-09-26 01:08:24,965,113987,25.0,13,0.0,1,0,0,0,9,26.6,26,1582,3874,39.5,AC,utun27,0,28,000,0.000000,0.000000,0,0,0,0
2026-09-26 01:14:25,971,114602,121.4,13,0.0,1,0,0,0,1,5.97,100,2061,5015,38.2,AC,utun28,0,29,200,0.105952,2.898273,0,0,0,0
2026-09-26 01:19:28,976,116015,279.9,13,0.0,1,0,0,0,7,5.85,65,2007,5320,38.1,AC,utun28,0,29,200,0.091540,1.996389,0,0,0,0
2026-09-26 01:24:31,981,117660,324.9,13,0.0,1,1,0,0,1,29.16,52,2396,5558,38.1,AC,utun28,0,29,200,0.009744,1.982901,0,0,0,0
2026-09-26 01:29:35,986,119450,349.6,13,0.0,1,1,0,0,74,12.87,55,2264,5405,38.1,AC,utun28,0,29,200,0.008794,5.867027,0,0,0,0
2026-09-26 01:34:42,991,121757,454.0,13,0.0,1,0,1,0,50,9.8,71,2436,5769,37.0,AC,utun28,0,29,200,0.362132,4.104685,0,0,0,0
2026-09-26 01:39:47,997,123749,394.3,13,0.0,1,1,0,0,10,12.31,60,2500,5554,38.0,AC,utun28,0,29,200,0.008731,2.006426,0,0,0,0
2026-09-26 01:44:50,1002,126774,600.5,13,0.0,1,0,0,0,30,5.94,100,2082,5212,38.0,AC,utun28,0,29,200,0.127223,1.691615,0,0,0,0
2026-09-26 01:49:53,1007,130586,755.6,13,0.0,1,0,0,0,21,3.87,100,2049,5041,38.0,AC,utun28,0,29,200,0.076804,1.973636,0,0,0,0
2026-09-26 01:54:55,1012,131200,109.7,13,0.0,1,0,0,0,5,3.83,100,1980,5162,37.7,AC,utun28,0,29,000,0.003869,0.000000,0,0,0,0
2026-09-26 02:00:31,1017,132132,183.7,13,0.0,1,0,0,0,6,3.24,100,2275,5737,36.6,AC,utun28,0,29,200,0.407155,3.788035,0,0,0,0
2026-09-26 02:05:35,1022,133194,209.5,13,0.0,1,0,0,0,1,3.66,100,1839,5220,37.6,AC,utun28,0,29,200,0.195536,3.585105,0,0,0,0
2026-09-26 02:10:40,1027,134504,259.1,13,0.0,1,0,0,0,9,4.66,100,1778,5080,37.6,AC,utun28,0,29,200,0.157329,2.684349,0,0,0,0
2026-09-26 02:15:43,1033,136383,370.8,13,0.0,1,0,0,0,34,3.24,100,2252,5535,37.6,AC,utun28,0,29,200,0.241324,3.459642,0,0,0,0
2026-09-26 02:20:47,1038,138106,341.4,13,0.0,1,0,0,0,5,4.36,100,2365,5634,36.5,AC,utun28,0,29,200,0.150088,2.200593,0,0,0,0
2026-09-26 02:25:50,1043,140580,489.5,13,0.0,1,0,0,0,5,2.62,100,2400,5775,37.5,AC,utun28,0,29,200,0.464119,2.649586,0,0,0,0
2026-09-26 02:30:53,1048,142876,454.9,13,0.0,1,0,1,0,75,6.01,100,2355,5850,36.4,AC,utun28,0,29,200,0.137546,2.146669,0,0,0,0
2026-09-26 02:35:56,1053,144625,346.4,13,0.0,1,0,0,0,32,3.76,100,2227,5559,37.5,AC,utun28,0,29,200,0.145796,2.326057,0,0,0,0
2026-09-26 02:40:59,1058,145951,261.6,13,0.0,1,0,0,0,5,3.13,100,2078,5394,37.5,AC,utun28,0,29,200,0.222692,3.502012,0,0,0,0
2026-09-26 02:46:03,1063,146242,52.8,13,0.0,1,0,0,0,0,2.94,100,2526,5907,36.4,AC,utun28,0,29,000,0.000000,0.000000,0,0,0,0
2026-09-26 02:51:34,1068,149240,594.4,13,0.0,1,0,0,0,4,4.47,100,2188,5602,37.4,AC,utun28,0,29,200,0.136647,2.019379,0,0,0,0
2026-09-26 02:56:36,1073,151842,516.2,13,0.0,1,0,0,0,5,3.1,100,2106,5438,36.3,AC,utun28,0,29,200,0.121891,1.986718,0,0,0,0
2026-09-26 03:01:39,1078,154581,542.9,13,0.0,1,0,0,0,14,3.39,100,2358,5717,36.3,AC,utun28,0,29,200,0.139046,2.046958,0,0,0,0
2026-09-26 03:06:41,1083,157997,677.7,13,0.0,1,0,0,0,14,3.23,100,2446,5918,36.3,AC,utun28,0,29,200,0.004717,1.790042,0,0,0,0
2026-09-26 03:11:44,1089,160553,506.3,13,0.0,1,0,0,0,4,3.06,100,2384,5855,36.3,AC,utun28,0,29,200,0.156047,2.199342,0,0,0,0
2026-09-26 03:16:47,1094,163243,533.3,13,0.0,1,0,0,0,14,3.29,100,2239,5631,36.2,AC,utun28,0,29,200,0.136239,2.001907,0,0,0,0
2026-09-26 03:21:49,1099,165961,538.5,13,0.0,1,0,0,0,7,4.56,100,2284,5714,37.3,AC,utun28,0,29,200,0.196732,2.178118,0,0,0,0
2026-09-26 03:26:52,1104,169411,684.5,13,0.0,1,0,0,0,18,4.42,100,1795,4893,37.2,AC,utun28,0,29,200,0.005434,1.603495,0,0,0,0
2026-09-26 03:31:55,1109,173038,717.9,13,0.0,1,0,0,0,27,5.52,100,1968,5158,37.2,AC,utun28,0,29,200,0.109362,2.394253,0,0,0,0
2026-09-26 03:36:58,1114,176372,660.4,13,0.0,1,0,0,0,24,2.83,100,2068,5312,37.2,AC,utun28,0,29,200,0.290739,2.247740,0,0,0,0
2026-09-26 03:42:01,1119,180376,792.2,13,0.0,1,0,0,0,17,3.56,100,2062,5287,37.1,AC,utun28,0,29,200,0.325051,2.527153,0,0,0,0
2026-09-26 03:47:04,1124,184479,813.3,13,0.0,1,0,0,0,31,4.11,100,2332,5610,37.1,AC,utun28,0,29,200,0.109023,1.960832,0,0,0,0
2026-09-26 03:52:07,1129,189050,904.6,13,0.0,1,0,0,0,12,3.54,100,2304,5666,37.1,AC,utun28,0,29,200,0.098463,2.439698,0,0,0,0
2026-09-26 03:57:10,1134,192938,770.6,13,0.0,1,0,0,0,36,5.87,100,2381,5806,37.0,AC,utun28,0,29,200,0.143483,1.892398,0,0,0,0
2026-09-26 04:02:13,1139,196655,735.6,13,0.0,1,0,0,0,12,3.84,100,2417,5857,35.9,AC,utun28,0,29,200,0.005304,2.413115,0,0,0,0
2026-09-26 04:07:16,1144,200573,776.3,13,0.0,1,0,0,0,37,5.21,100,2952,6535,35.9,AC,utun28,0,29,200,0.089545,2.023890,0,0,0,0
2026-09-26 04:12:19,1149,205125,902.6,13,0.0,1,0,1,0,90,4.84,100,1896,5197,36.9,AC,utun28,0,29,200,0.102275,1.789467,0,0,0,0
2026-09-26 04:17:21,1154,209434,854.1,13,0.0,1,0,0,0,18,4.61,100,1947,5285,36.9,AC,utun28,0,29,200,0.073382,1.874408,0,0,0,0
2026-09-26 04:22:24,1159,212197,547.4,13,0.0,1,0,0,0,11,5.18,100,2200,5798,36.9,AC,utun28,0,29,200,0.086496,1.986996,0,0,0,0
2026-09-26 04:27:27,1164,215044,564.3,13,0.0,1,0,0,0,21,4.0,100,2250,5651,35.8,AC,utun28,0,29,200,0.089983,1.862652,0,0,0,0
2026-09-26 04:32:29,1169,218323,648.1,13,0.0,1,0,0,0,14,3.69,100,2307,5714,36.8,AC,utun28,0,29,200,0.121172,2.074096,0,0,0,0
2026-09-26 04:37:33,1174,222079,744.4,13,0.0,1,0,0,0,8,4.66,100,2290,5754,36.8,AC,utun28,0,29,200,0.099485,1.882442,0,0,0,0
2026-09-26 04:42:36,1179,225243,626.7,13,0.0,1,0,3,0,217,6.35,100,2476,6190,35.7,AC,utun28,0,29,200,0.077794,2.028072,0,0,0,0
2026-09-26 04:47:39,1184,228354,614.4,13,0.0,1,0,0,0,19,4.12,100,2535,6108,35.6,AC,utun28,0,29,200,0.081716,2.939293,0,0,0,0
2026-09-26 04:52:42,1189,231372,598.3,13,0.0,1,0,1,0,41,3.63,100,2534,6140,35.6,AC,utun28,0,29,200,0.072542,1.818950,0,0,0,0
2026-09-26 04:57:45,1195,234177,556.1,13,0.0,1,0,0,0,15,4.32,100,2636,6279,35.8,AC,utun28,0,29,200,0.080160,1.779458,0,0,0,0
2026-09-26 05:02:48,1200,237821,722.4,13,0.0,1,0,0,0,8,3.57,100,2840,6336,35.7,AC,utun28,0,29,200,0.074008,1.742903,0,0,0,0
2026-09-26 05:07:50,1205,241636,754.5,13,0.0,1,0,0,0,4,3.92,100,2407,6000,35.7,AC,utun28,0,29,200,0.290112,2.506243,0,0,0,0
2026-09-26 05:12:54,1210,245040,673.4,13,0.0,1,0,0,0,37,4.41,100,2610,6497,35.7,AC,utun28,0,29,200,0.136676,2.432895,0,0,0,0
2026-09-26 05:17:57,1215,248302,645.3,13,0.0,1,0,1,0,74,3.53,100,2354,6081,35.6,AC,utun28,0,29,200,0.072305,2.267186,0,0,0,0
2026-09-26 05:23:00,1220,251645,661.2,13,0.0,1,0,0,0,23,4.06,100,1985,5310,36.7,AC,utun28,0,29,200,0.100596,2.347906,0,0,0,0
2026-09-26 05:28:04,1225,256135,889.7,13,0.0,1,0,1,0,56,5.34,100,2011,5413,36.6,AC,utun28,0,29,200,0.066929,1.863358,0,0,0,0
2026-09-26 05:33:07,1230,260963,956.8,13,0.0,1,0,1,0,50,4.59,100,2134,5551,35.5,AC,utun28,0,29,200,0.140761,1.799538,0,0,0,0
2026-09-26 05:38:09,1235,265573,913.4,13,0.0,1,0,0,0,29,6.11,100,2154,5542,36.6,AC,utun28,0,29,200,0.065276,1.846060,0,0,0,0
2026-09-26 05:43:12,1240,270533,982.5,13,0.0,1,0,0,0,28,6.87,100,2277,5694,35.5,AC,utun28,0,29,200,0.070189,1.859559,0,0,0,0
2026-09-26 05:48:15,1245,275748,1033.3,13,0.0,1,0,0,0,26,3.45,100,2281,5625,36.5,AC,utun28,0,29,200,0.009037,1.801476,0,0,0,0
2026-09-26 05:53:18,1250,280810,1002.2,13,0.0,1,0,0,0,25,4.84,100,2106,5384,36.5,AC,utun28,0,29,200,0.097550,1.866144,0,0,0,0
2026-09-26 05:58:21,1255,286180,1063.7,13,0.0,1,0,0,0,19,4.76,100,1908,5132,36.4,AC,utun28,0,29,200,0.139056,1.829814,0,0,0,0
2026-09-26 06:03:24,1260,291063,965.5,13,0.0,1,0,0,0,6,3.03,100,2065,5319,36.4,AC,utun28,0,29,200,0.104629,2.436314,0,0,0,0
2026-09-26 06:08:27,1265,294584,696.6,13,0.0,1,0,0,0,26,4.78,100,2600,5917,35.4,AC,utun28,0,29,200,0.095806,2.175880,0,0,0,0
2026-09-26 06:13:31,1270,299378,948.3,13,0.0,1,0,2,0,214,5.82,78,2461,6041,35.4,AC,utun28,0,29,200,0.104213,1.860176,0,0,0,0
2026-09-26 06:18:34,1275,304325,979.7,13,0.0,1,0,1,0,91,6.88,100,2734,6369,35.4,AC,utun28,0,29,200,0.256816,1.883394,0,0,0,0
2026-09-26 06:23:37,1280,308842,889.4,13,0.0,1,0,7,0,482,10.47,71,2069,5900,35.3,AC,utun28,0,29,200,0.099972,1.907769,0,0,0,0
2026-09-26 06:28:42,1285,313526,926.7,13,0.0,1,0,0,0,19,4.38,100,2247,6068,35.3,AC,utun28,0,29,200,0.103459,2.211823,0,0,0,0
2026-09-26 06:33:45,1291,318552,993.9,13,0.0,1,0,1,0,94,5.64,97,2143,6103,35.3,AC,utun28,0,29,200,0.108755,1.946304,0,0,0,0
2026-09-26 06:38:48,1296,322877,856.0,13,0.0,1,0,1,0,169,4.71,89,2446,6693,35.2,AC,utun28,0,29,200,0.100000,1.848810,0,0,0,0
2026-09-26 06:43:51,1301,326638,744.1,13,0.0,1,0,0,0,13,4.66,100,2491,6770,34.1,AC,utun28,0,29,200,0.103962,2.136091,0,0,0,0
2026-09-26 06:48:55,1306,329168,500.0,13,0.0,1,0,0,0,46,3.81,100,2455,6925,34.1,AC,utun28,0,29,200,0.638296,2.561908,0,0,0,0
2026-09-26 06:53:58,1311,330635,290.0,13,0.0,1,0,0,0,12,5.02,100,2369,6936,34.0,AC,utun28,0,29,200,0.242737,2.418309,0,0,0,0
2026-09-26 06:59:02,1316,331039,79.9,13,0.0,1,0,0,0,2,4.77,100,2969,7719,34.0,AC,utun28,0,29,200,0.119084,2.339950,0,0,0,0
2026-09-26 07:04:05,1321,331345,60.3,13,0.0,1,0,0,0,1,4.12,100,2780,7568,34.0,AC,utun28,0,29,200,0.119082,3.385348,0,0,0,0
2026-09-26 07:09:10,1326,331532,37.0,13,0.0,1,0,0,0,1,3.0,100,2683,7242,34.2,AC,utun28,0,29,200,0.168113,2.368348,0,0,0,0
2026-09-26 07:14:13,1331,331573,8.1,13,0.0,1,0,0,0,2,1.62,100,2762,7533,34.1,AC,utun28,0,29,200,0.070608,2.053116,0,0,0,0
2026-09-26 07:19:16,1336,331649,15.1,13,0.0,1,0,0,0,2,3.37,100,1933,4040,37.3,AC,utun28,0,29,200,0.007498,1.814437,1,0,1,0
2026-09-26 07:24:19,1341,331652,0.6,13,0.0,1,0,0,0,4,1.92,100,2245,4090,37.3,AC,utun28,0,29,200,0.005964,1.880898,2,0,2,0
2026-09-26 07:29:22,1346,331652,0.0,13,0.0,1,0,0,0,0,1.71,100,1965,3994,37.3,AC,utun28,0,29,200,0.113569,2.218036,2,0,2,0
2026-09-26 07:34:26,1351,331652,0.0,13,0.0,1,0,0,0,0,2.59,100,2007,4078,37.3,AC,utun28,0,29,200,0.153046,2.102723,3,0,3,0
2026-09-26 07:39:29,1356,331652,0.0,13,0.0,1,0,0,0,0,2.18,100,2283,4100,37.3,AC,utun28,0,29,200,0.006577,1.898310,4,0,4,0
2026-09-26 07:44:32,1361,331652,0.0,13,0.0,1,0,0,0,0,2.45,100,2186,3856,37.2,AC,utun28,0,29,200,0.145539,2.121165,5,0,4,0
2026-09-26 07:49:35,1366,331652,0.0,13,0.0,1,0,6,0,597,72.2,55,2287,13120,27.6,AC,utun28,0,29,200,0.138264,1.659909,5,0,4,0
2026-09-26 07:54:44,1372,331652,0.0,13,0.0,1,0,0,0,159,16.55,71,2484,10206,30.7,AC,utun28,0,29,200,0.065284,2.437782,5,0,4,0
2026-09-26 07:59:48,1377,331652,0.0,13,0.0,1,0,0,0,121,3.94,100,2632,9809,31.8,AC,utun28,0,29,200,0.063344,3.729417,5,0,4,0
2026-09-26 08:04:53,1382,331652,0.0,13,0.0,1,0,0,0,55,7.98,84,2609,13232,27.5,AC,utun28,0,29,200,0.065911,2.048384,5,0,4,0
2026-09-26 08:09:57,1387,331652,0.0,13,0.0,1,0,0,0,8,2.58,100,2626,11319,29.6,AC,utun28,0,29,200,0.065179,2.159027,5,0,4,0
2026-09-26 08:15:00,1392,331652,0.0,13,0.0,1,0,5,0,470,19.87,73,2186,11886,43.0,AC,utun28,0,29,200,0.014351,2.992892,5,0,4,0
2026-09-26 08:20:06,1397,331652,0.0,13,0.0,1,0,2,0,198,13.71,76,2575,12407,43.0,AC,utun28,0,29,200,0.072266,2.430393,5,0,4,0
2026-09-26 08:25:10,1402,331652,0.0,13,0.0,1,0,6,0,552,9.7,65,2050,11267,44.1,AC,utun28,0,29,200,0.010383,2.184808,5,0,4,0
2026-09-26 08:30:15,1407,331652,0.0,13,0.0,1,0,5,0,478,24.9,65,2443,11888,43.0,AC,utun28,0,29,200,0.074563,1.963593,5,0,4,0
2026-09-26 08:35:21,1412,331652,0.0,13,0.0,1,0,1,0,156,6.31,84,1803,11068,44.0,AC,utun28,0,29,200,0.068326,1.896177,5,0,4,0
2026-09-26 08:40:24,1417,331652,0.0,13,0.0,1,0,3,0,377,8.92,73,2080,14370,40.8,AC,utun28,0,29,200,0.006744,1.765772,5,0,4,0
2026-09-26 08:45:28,1422,331652,0.0,13,0.0,1,0,5,0,563,33.27,71,2537,15394,39.7,AC,utun28,0,29,200,0.078047,2.093131,5,0,4,0
2026-09-26 08:50:33,1427,331652,0.0,13,0.0,1,0,8,0,581,40.94,65,2444,12979,41.9,AC,utun28,0,29,200,0.010557,1.890035,5,0,4,0
2026-09-26 08:55:39,1433,331652,0.0,13,0.0,1,0,9,0,590,37.36,68,2473,15501,39.7,AC,utun28,0,29,200,0.184046,1.810681,5,0,4,0
2026-09-26 09:00:46,1438,331652,0.0,13,0.0,1,0,1,0,336,19.5,65,2477,10640,45.0,AC,utun28,0,29,200,0.116344,2.084766,5,0,4,0
2026-09-26 09:05:51,1443,331652,0.0,13,0.0,1,0,3,0,465,82.29,60,1910,13079,40.7,AC,utun28,0,29,200,0.139875,1.796628,5,0,4,0
2026-09-26 09:10:59,1448,331652,0.0,13,0.0,1,0,7,0,550,57.31,68,2483,13349,41.8,AC,utun28,0,29,200,0.123145,2.599907,5,0,4,0
2026-09-26 09:16:07,1453,331652,0.0,13,0.0,1,0,4,0,354,12.9,68,1811,11779,42.8,AC,utun28,0,29,200,0.109000,2.610282,5,0,4,0
2026-09-26 09:21:12,1458,331652,0.0,13,0.0,1,0,5,0,408,21.59,65,1833,11591,42.8,AC,utun28,0,29,200,0.091106,1.968791,5,0,4,0
2026-09-26 09:26:19,1463,331652,0.0,13,0.0,1,0,3,0,502,6.73,73,2836,12612,41.8,AC,utun28,0,29,200,0.345199,2.435959,5,0,4,0
2026-09-26 09:31:24,1468,331652,0.0,13,0.0,1,0,2,0,305,5.36,71,2017,12285,42.8,AC,utun28,0,29,200,0.227012,5.199555,5,0,4,0
2026-09-26 09:36:30,1473,331652,0.0,13,0.0,1,0,2,0,198,3.94,100,2430,15178,39.6,AC,utun28,0,29,200,0.005680,4.528718,5,0,4,0
2026-09-26 09:41:36,1478,331652,0.0,13,0.0,1,0,1,0,154,4.04,100,2080,12202,42.8,AC,utun28,0,29,200,0.195690,3.973902,5,0,4,0
2026-09-26 09:46:41,1483,331652,0.0,13,0.0,1,0,0,0,1,2.74,100,3007,12708,41.7,AC,utun28,0,29,200,0.004951,1.872370,5,0,4,0
2026-09-26 09:51:44,1489,331652,0.0,13,0.0,1,0,1,0,110,6.4,100,3156,12984,44.0,AC,utun28,0,29,200,0.121300,1.948591,5,0,4,0
2026-09-26 09:56:48,1494,331652,0.0,13,0.0,1,0,0,0,27,4.43,100,2400,11458,45.0,AC,utun28,0,29,200,0.116123,2.148908,5,0,4,0
2026-09-26 10:01:51,1499,331652,0.0,13,0.0,1,0,0,0,23,4.38,100,2576,11184,45.0,AC,utun28,0,29,200,0.233383,2.798172,5,0,4,0
2026-09-26 10:06:55,1504,331652,0.0,13,0.0,1,0,0,0,17,2.9,100,2336,11405,45.0,AC,utun28,0,29,200,0.136896,2.075268,5,0,4,0
2026-09-26 10:11:58,1509,331652,0.0,13,0.0,1,0,0,0,32,3.83,100,1780,7816,48.2,AC,utun28,0,29,200,0.008289,2.086595,5,0,4,0
2026-09-26 10:17:03,1514,331652,0.0,13,0.0,1,0,0,0,20,5.05,100,1732,7808,48.1,AC,utun28,0,29,200,0.110511,2.044601,5,0,4,0
2026-09-26 10:22:07,1519,331652,0.0,13,0.0,1,0,0,0,27,5.09,100,2796,8980,47.0,AC,utun28,0,29,200,0.131971,2.503850,5,0,4,0
2026-09-26 10:27:10,1524,331652,0.0,13,0.0,1,0,0,0,48,6.95,100,2030,8516,47.0,AC,utun28,0,29,200,0.166538,2.103422,5,0,4,0
2026-09-26 10:32:14,1529,331652,0.0,13,0.0,1,0,0,0,35,8.36,100,1910,8286,48.0,AC,utun28,0,29,200,0.095150,1.948918,5,0,4,0
2026-09-26 10:37:17,1534,331652,0.0,13,0.0,1,0,0,0,16,5.09,100,2697,9030,46.9,AC,utun28,0,29,200,0.106235,1.967439,5,0,4,0
2026-09-26 10:42:20,1539,331652,0.0,13,0.0,1,0,0,0,24,6.37,100,3316,9639,46.9,AC,utun28,0,29,200,0.098163,1.996313,5,0,4,0
2026-09-26 10:47:23,1544,331652,0.0,13,0.0,1,0,0,0,20,4.6,100,3304,9789,45.8,AC,utun28,0,29,200,0.097226,2.349725,5,0,4,0
2026-09-26 10:52:27,1549,331652,0.0,13,0.0,1,0,0,0,14,3.46,100,2798,9140,46.8,AC,utun28,0,29,200,0.101155,2.055252,5,0,4,0
2026-09-26 10:57:30,1554,331652,0.0,13,0.0,1,0,0,0,5,5.58,100,2050,8810,47.5,AC,utun28,0,29,200,0.005287,2.213378,5,0,4,0
2026-09-26 11:02:34,1559,331652,0.0,13,0.0,1,0,0,0,10,5.5,100,2402,9408,47.4,AC,utun29,0,30,200,0.401978,8.488208,5,0,4,0
2026-09-26 11:07:44,1565,331652,0.0,13,0.0,1,0,0,0,26,3.16,100,2558,10008,46.3,AC,utun29,0,30,200,0.077272,2.258255,5,0,4,0
2026-09-26 11:12:48,1570,331652,0.0,13,0.0,1,0,0,0,19,4.49,100,1952,9602,46.3,AC,utun29,0,30,200,0.363612,3.407812,5,0,4,0
2026-09-26 11:17:52,1575,331652,0.0,13,0.0,1,0,0,0,8,3.26,100,1992,9473,47.3,AC,utun29,0,30,200,0.092269,2.143745,5,0,4,0
2026-09-26 11:22:56,1580,331652,0.0,13,0.0,1,0,1,0,110,23.87,81,1067,8225,47.1,AC,utun29,0,30,200,0.147601,2.866582,5,0,4,0
2026-09-26 11:28:01,1585,331652,0.0,13,0.0,1,0,3,0,179,63.46,57,1428,8828,47.0,AC,utun29,0,30,200,0.009034,3.445127,5,0,4,0
2026-09-26 11:33:12,1590,331652,0.0,13,0.0,1,0,3,0,290,22.04,68,1478,8157,47.9,AC,utun29,0,30,200,0.092697,1.957010,5,0,4,0
2026-09-26 11:38:18,1595,331652,0.0,13,0.0,1,0,1,0,167,11.73,60,2588,8914,46.8,AC,utun29,0,30,200,0.104216,2.365301,5,0,4,0
2026-09-26 11:43:23,1600,331652,0.0,13,0.0,1,0,2,0,360,117.56,52,2840,9159,46.7,AC,utun29,0,30,200,0.111796,1.818464,5,0,4,0
2026-09-26 11:48:33,1605,331652,0.0,13,0.0,1,0,3,0,340,63.75,52,1484,7539,47.7,AC,utun29,0,30,200,0.095742,2.085546,5,0,4,0
2026-09-26 11:53:40,1611,331652,0.0,13,0.0,1,0,3,0,307,100.65,60,2074,8539,46.7,AC,utun29,0,30,200,0.081775,2.687880,5,0,4,0
2026-09-26 11:58:48,1616,331652,0.0,13,0.0,1,0,3,0,163,283.18,65,1305,7566,48.8,AC,utun29,0,30,200,0.119622,1.881174,5,0,4,0
2026-09-26 12:03:56,1621,331652,0.0,13,0.0,1,0,0,0,24,60.71,89,1059,7080,48.7,AC,utun29,0,30,200,0.296526,2.431520,5,0,4,0
2026-09-26 12:09:00,1626,331652,0.0,13,0.0,1,0,1,0,76,39.22,71,838,6836,48.7,AC,utun29,0,30,200,0.117626,2.429660,5,0,4,0
2026-09-26 12:14:08,1631,331652,0.0,13,0.0,1,0,0,0,27,54.72,60,2046,7942,47.9,AC,utun29,0,30,200,0.301564,3.384534,5,0,4,0
2026-09-26 12:19:16,1636,331652,0.0,13,0.0,1,0,2,0,154,81.51,31,1795,8213,46.2,AC,utun29,0,30,200,0.152206,2.231667,5,0,4,0
2026-09-26 12:24:39,1642,331652,0.0,13,0.0,1,0,2,0,126,70.18,57,1727,7186,48.6,AC,utun29,0,30,200,0.132778,7.406506,5,0,4,0
2026-09-26 12:29:52,1647,331652,0.0,13,0.0,1,0,0,0,25,62.56,60,2319,7376,48.5,AC,utun29,0,30,200,0.223125,2.036577,5,0,4,0
2026-09-26 12:34:59,1652,331652,0.0,13,0.0,1,0,0,0,59,21.23,65,1086,5874,49.5,AC,utun29,0,30,200,0.409959,2.963840,5,0,4,0
2026-09-26 12:40:05,1657,331652,0.0,13,0.0,1,0,0,0,12,18.97,73,2443,7834,48.4,AC,utun29,0,30,200,0.088605,6.905221,5,0,4,0
2026-09-26 12:45:14,1662,331652,0.0,13,0.0,1,0,3,0,110,58.21,73,1236,6064,49.5,AC,utun29,0,30,200,0.487642,3.669118,5,0,4,0
2026-09-26 12:50:29,1667,331652,0.0,13,0.0,1,0,0,0,1,6.87,100,1511,6399,48.2,AC,utun31,0,32,200,0.433067,2.332530,5,0,4,0
2026-09-26 12:55:32,1672,331652,0.0,13,0.0,1,0,3,0,288,15.85,63,2718,7056,48.2,AC,utun31,0,32,200,0.094223,1.963290,5,0,4,0
2026-09-26 13:00:38,1677,331652,0.0,13,0.0,1,0,0,0,4,11.06,78,2906,6862,48.2,AC,utun31,0,32,200,0.093714,2.135557,5,0,4,0
2026-09-26 13:05:42,1683,331652,0.0,13,0.0,1,0,0,0,10,4.95,100,1477,4679,50.3,AC,utun31,0,32,200,0.429579,2.535938,5,0,4,0
2026-09-26 13:10:46,1688,331652,0.0,13,0.0,1,0,0,0,69,8.82,84,1769,5118,50.2,AC,utun31,0,32,200,0.158461,2.275303,5,0,4,0
2026-09-26 13:15:50,1693,331652,0.0,13,0.0,1,0,0,0,9,9.68,100,1767,5348,50.2,AC,utun31,0,32,200,0.248937,3.430234,5,0,4,0
2026-09-26 13:20:55,1698,331652,0.0,13,0.0,1,0,0,0,50,12.31,86,2114,6441,49.1,AC,utun31,0,32,200,0.169431,2.058092,5,0,4,0
2026-09-26 13:25:59,1703,331652,0.0,13,0.0,1,0,0,0,6,5.68,81,2014,6310,49.0,AC,utun31,0,32,200,0.007173,2.425190,5,0,4,0
2026-09-26 13:31:03,1708,331652,0.0,13,0.0,1,0,0,0,70,4.94,71,1784,6104,49.0,AC,utun31,0,32,200,0.094713,1.758741,5,0,4,0
2026-09-26 13:36:07,1713,331652,0.0,13,0.0,1,0,0,0,11,7.62,92,2254,7046,47.5,AC,utun31,0,32,200,0.077777,1.952461,5,0,4,0
2026-09-26 13:41:10,1718,331652,0.0,13,0.0,1,0,0,0,34,4.72,100,1654,5926,48.5,AC,utun31,0,32,200,0.151909,2.508983,5,0,4,0
2026-09-26 13:46:14,1723,331652,0.0,13,0.0,1,0,0,0,3,4.32,100,3441,7592,47.4,AC,utun31,0,32,200,0.074918,2.797207,5,0,4,0
2026-09-26 13:51:20,1728,331652,0.0,13,0.0,1,0,0,0,63,9.3,65,1496,4200,50.6,AC,utun31,0,32,200,0.079048,1.867204,5,0,4,0
2026-09-26 13:56:24,1733,331652,0.0,13,0.0,1,0,0,0,8,6.89,100,1746,4386,50.6,AC,utun31,0,32,200,0.224368,3.679281,5,0,4,0
2026-09-26 14:01:29,1738,331652,0.0,13,0.0,1,0,0,0,8,3.8,100,1721,4188,51.0,AC,utun31,0,32,200,0.011297,1.899835,5,0,4,0
2026-09-26 14:06:32,1743,331652,0.0,13,0.0,1,0,0,0,4,6.33,94,1834,4934,49.9,AC,utun31,0,32,200,0.077272,2.952284,5,0,4,0
2026-09-26 14:11:38,1748,331652,0.0,13,0.0,1,0,0,0,43,35.95,78,2003,5351,49.7,AC,utun31,0,32,200,0.089015,2.304931,5,0,4,0
2026-09-26 14:16:45,1754,331652,0.0,13,0.0,1,0,0,0,11,5.88,100,1937,5516,49.8,AC,utun31,0,32,200,0.088507,2.698885,5,0,4,0
2026-09-26 14:21:49,1759,331652,0.0,13,0.0,1,0,0,0,17,5.82,100,1828,5318,51.6,AC,utun35,0,36,200,0.406119,2.663907,5,0,4,0
2026-09-26 14:26:54,1764,331652,0.0,13,0.0,1,0,0,0,23,8.66,89,2156,6188,50.3,AC,utun35,0,36,200,0.115031,1.920032,5,0,4,0
2026-09-26 14:31:59,1769,331652,0.0,13,0.0,1,0,0,0,9,12.82,73,1737,5353,51.3,AC,utun35,0,36,200,0.126128,2.064132,5,0,4,0
2026-09-26 14:37:03,1774,331652,0.0,13,0.0,1,0,0,0,44,9.13,84,1824,5818,49.1,AC,utun35,0,36,200,0.521914,2.698580,5,0,4,0
2026-09-26 14:42:08,1779,331652,0.0,13,0.0,1,0,4,0,322,25.59,47,1854,5632,49.1,AC,utun35,0,36,200,0.110002,2.565001,5,0,4,0
2026-09-26 14:47:18,1784,331652,0.0,13,0.0,1,0,4,0,380,79.64,47,1721,5072,50.1,AC,utun35,0,36,200,0.145468,2.992711,5,0,4,0
2026-09-26 14:52:36,1789,331652,0.0,13,0.0,1,0,2,0,243,23.87,65,1701,4457,50.1,AC,utun35,0,36,200,0.108432,3.280334,5,0,4,0
2026-09-26 14:57:44,1795,331652,0.0,13,0.0,1,0,2,0,157,16.38,60,1860,4613,51.2,AC,utun35,0,36,200,0.135572,6.307529,5,0,4,0
2026-09-26 15:02:54,1800,331652,0.0,13,0.0,1,0,1,0,95,6.11,60,1387,3840,51.1,AC,utun36,0,37,200,0.154950,3.036840,5,0,4,0
2026-09-26 15:08:01,1805,331652,0.0,13,0.0,1,0,5,0,282,30.87,50,2088,4868,50.1,AC,utun36,0,37,200,0.076483,2.344592,5,0,4,0
2026-09-26 15:13:12,1810,331652,0.0,13,0.0,1,0,2,0,122,9.03,57,1830,4558,51.1,AC,utun36,0,37,200,0.355093,2.257768,5,0,4,0
2026-09-26 15:18:19,1815,331652,0.0,13,0.0,1,0,7,0,368,78.62,78,1540,4325,51.1,AC,utun36,0,37,200,0.081663,2.169462,5,0,4,0
2026-09-26 15:23:30,1820,331652,0.0,13,0.0,1,0,1,0,113,43.74,52,1834,4656,50.0,AC,utun36,0,37,200,0.092233,2.359261,5,0,4,0
2026-09-26 15:28:36,1825,331652,0.0,13,0.0,1,0,2,0,160,21.65,52,2035,5010,50.0,AC,utun36,0,37,200,0.075757,2.256974,5,0,4,0
2026-09-26 15:33:44,1831,331652,0.0,13,0.0,1,0,1,0,102,12.2,63,1921,4880,49.9,AC,utun36,0,37,200,0.083757,2.763264,5,0,4,0
2026-09-26 15:38:49,1836,331652,0.0,13,0.0,1,0,0,0,53,7.17,55,2205,5381,49.9,AC,utun36,0,37,200,0.069880,2.813910,5,0,4,0
2026-09-26 15:43:55,1841,331652,0.0,13,0.0,1,0,0,0,7,12.39,63,1840,5116,49.9,AC,utun36,0,37,200,0.195758,5.530296,5,0,4,0
2026-09-26 15:49:02,1846,331652,0.0,13,0.0,1,0,0,0,44,6.97,71,2098,5587,49.9,AC,utun36,0,37,200,0.078261,2.241006,5,0,4,0
2026-09-26 15:54:07,1851,331652,0.0,13,0.0,1,0,2,0,233,21.09,50,2329,6192,48.8,AC,utun36,0,37,200,0.631287,3.142871,5,0,4,0
2026-09-26 15:59:15,1856,331652,0.0,13,0.0,1,0,4,0,258,37.08,76,1972,5930,48.7,AC,utun36,0,37,200,0.081457,1.983204,5,0,4,0
2026-09-26 16:04:21,1861,331652,0.0,13,0.0,1,0,1,0,98,5.85,86,2252,6707,48.7,AC,utun36,0,37,200,0.197106,1.948173,5,0,4,0
2026-09-26 16:09:27,1866,331652,0.0,13,0.0,1,0,1,0,195,14.67,81,2395,7942,46.5,AC,utun36,0,37,200,0.167580,4.247869,5,0,4,0
2026-09-26 16:14:33,1871,331652,0.0,13,0.0,1,0,7,0,453,62.44,55,2769,10230,44.4,AC,utun36,0,37,200,0.362046,2.520772,5,0,4,0
2026-09-26 16:19:42,1877,331652,0.0,13,0.0,1,0,4,0,326,47.79,52,2217,9897,44.4,AC,utun36,0,37,200,0.174131,2.675232,5,0,4,0
2026-09-26 16:24:50,1882,331652,0.0,13,0.0,1,0,3,0,380,54.95,47,2199,9818,44.3,AC,utun36,0,37,200,0.094460,2.185150,5,0,4,0
2026-09-26 16:29:59,1887,331652,0.0,13,0.0,1,0,0,0,0,14.72,100,1788,9174,45.4,AC,utun37,0,38,200,0.267557,2.518241,5,0,4,0
2026-09-26 16:35:03,1892,331652,0.0,13,0.0,1,0,1,0,95,71.8,71,2115,9906,44.3,AC,utun37,0,38,200,0.163578,2.349605,5,0,4,0
2026-09-26 16:40:07,1897,331652,0.0,13,0.0,1,0,2,0,193,15.93,100,2653,9972,44.3,AC,utun37,0,38,200,0.283990,2.945484,5,0,4,0
2026-09-26 16:45:12,1902,331652,0.0,13,0.0,1,0,0,0,52,48.38,84,2062,10148,44.2,AC,utun37,0,38,200,0.103293,2.775489,5,0,4,0
2026-09-26 16:50:17,1907,331652,0.0,13,0.0,1,0,1,0,100,129.31,47,2047,10312,43.2,AC,utun37,0,38,200,0.112208,2.731628,5,0,4,0
2026-09-26 16:55:25,1912,331652,0.0,13,0.0,1,0,3,0,213,42.67,50,1957,10606,43.1,AC,utun37,0,38,200,0.012742,3.072455,5,0,4,0
2026-09-26 17:00:33,1917,331652,0.0,13,0.0,1,0,1,0,69,168.83,47,1856,10718,43.1,AC,utun37,0,38,200,0.148012,3.014253,5,0,4,0
2026-09-26 17:05:42,1923,331652,0.0,13,0.0,1,0,3,0,231,47.54,57,1680,10504,44.2,AC,utun37,0,38,200,0.354719,3.471686,5,0,4,0
2026-09-26 17:10:50,1928,331652,0.0,13,0.0,1,0,2,0,213,102.74,68,1755,10158,44.2,AC,utun37,0,38,200,0.267004,2.600211,5,0,4,0
2026-09-26 17:15:56,1933,331652,0.0,13,0.0,1,0,2,0,176,39.71,71,1716,9580,44.2,AC,utun37,0,38,200,0.203083,2.290061,5,0,4,0
2026-09-26 17:21:01,1938,331652,0.0,13,0.0,1,0,2,0,174,17.89,71,2234,10332,44.1,AC,utun37,0,38,200,0.497565,2.442416,5,0,4,0
2026-09-26 17:26:06,1943,331652,0.0,13,0.0,1,0,0,0,26,14.23,81,1789,9512,44.0,AC,utun37,0,38,200,0.334651,3.514181,5,0,4,0
2026-09-26 17:31:13,1948,331652,0.0,13,0.0,1,0,0,0,28,3.31,100,1897,8893,45.0,AC,utun37,0,38,200,0.076506,2.340237,5,0,4,0
2026-09-26 17:36:17,1953,331652,0.0,13,0.0,1,0,1,0,96,14.72,81,1922,9116,45.0,AC,utun37,0,38,200,0.075023,10.373333,5,0,4,0
2026-09-26 17:41:30,1958,331652,0.0,13,0.0,1,0,3,0,195,10.94,84,2270,9712,43.9,AC,utun37,0,38,200,0.291617,2.796708,5,0,4,0
2026-09-26 17:46:34,1963,331652,0.0,13,0.0,1,0,0,0,1,9.64,78,2388,10360,43.9,AC,utun37,0,38,200,0.104943,2.164844,5,0,4,0
2026-09-26 17:51:40,1968,331652,0.0,13,0.0,1,0,0,0,0,6.71,100,2490,10678,42.8,AC,utun39,0,40,200,0.078251,2.718719,5,0,4,0
2026-09-26 17:56:44,1974,331652,0.0,13,0.0,1,0,1,0,134,29.58,57,2551,11392,42.8,AC,utun39,0,40,200,0.116139,2.220562,5,0,4,0
2026-09-26 18:01:49,1979,331652,0.0,13,0.0,1,0,2,0,117,94.59,55,1586,8547,44.9,AC,utun39,0,40,200,0.274757,5.261761,5,0,4,0
